leaf_id,leaf_path,condition,cae_score,patchcore_score,padim_score
0,/kaggle/input/datasets/abdallahalidev/plantvillage-dataset/segmented/Corn_(maize)___healthy/161c4466-80c0-49b0-8d4d-b583c4c961b6___R.S_HL 0646 copy 5_final_masked.jpg,studio_white,0.0018092077,3.2833543,6.439216
1,/kaggle/input/datasets/abdallahalidev/plantvillage-dataset/segmented/Corn_(maize)___healthy/74a4c1f4-26e2-4861-bcc8-16d26f215387___R.S_HL 8300 copy 2_final_masked.jpg,studio_white,0.0009192551,3.248465,6.1949687
2,/kaggle/input/datasets/abdallahalidev/plantvillage-dataset/segmented/Corn_(maize)___healthy/22e495d5-0daa-4cf6-8555-61f26d091b66___R.S_HL 8061 copy_final_masked.jpg,studio_white,0.0007142592,3.2222228,6.248462
3,/kaggle/input/datasets/abdallahalidev/plantvillage-dataset/segmented/Corn_(maize)___healthy/b1565e81-b8c3-4ba3-8b57-94395f82a3f2___R.S_HL 0595 copy 2_final_masked.jpg,studio_white,0.0013452404,3.2401738,6.2678394
4,/kaggle/input/datasets/abdallahalidev/plantvillage-dataset/segmented/Corn_(maize)___healthy/7377ca1f-38a7-4b2e-a53a-05483fb319e6___R.S_HL 7940 copy_final_masked.jpg,studio_white,0.0013367687,3.266847,6.2384877
5,/kaggle/input/datasets/abdallahalidev/plantvillage-dataset/segmented/Corn_(maize)___healthy/2c52d7ed-d259-4ce3-b38a-9ecdb86b7e85___R.S_HL 8065 copy_final_masked.jpg,studio_white,0.0010857816,3.2686973,6.3390827
6,/kaggle/input/datasets/abdallahalidev/plantvillage-dataset/segmented/Corn_(maize)___healthy/10416d7b-f426-40c0-8661-72d359e51d15___R.S_HL 8328 copy 2_final_masked.jpg,studio_white,0.0013694194,3.2072012,6.218284
7,/kaggle/input/datasets/abdallahalidev/plantvillage-dataset/segmented/Corn_(maize)___healthy/a69fb110-6abc-4025-b22a-9ce26e02a4e4___R.S_HL 7961 copy 3_final_masked.jpg,studio_white,0.0013238395,3.2112226,6.2243905
8,/kaggle/input/datasets/abdallahalidev/plantvillage-dataset/segmented/Corn_(maize)___healthy/f21eae95-ba11-4eeb-bd33-e003535bbaea___R.S_HL 8164 copy_final_masked.jpg,studio_white,0.0010072275,3.3194082,6.5525393
9,/kaggle/input/datasets/abdallahalidev/plantvillage-dataset/segmented/Corn_(maize)___healthy/fe301311-6c07-49d8-933a-aa10287b205e___R.S_HL 8220 copy 4_final_masked.jpg,studio_white,0.0014440108,3.2948008,6.517412
10,/kaggle/input/datasets/abdallahalidev/plantvillage-dataset/segmented/Corn_(maize)___healthy/90548ed6-1573-4a72-9f60-6188a1fbd2ff___R.S_HL 8150 copy_final_masked.jpg,studio_white,0.0010678574,3.2489004,6.3383503
11,/kaggle/input/datasets/abdallahalidev/plantvillage-dataset/segmented/Corn_(maize)___healthy/960290a7-64f3-4d17-88b2-de8772c5810b___R.S_HL 5509 copy_final_masked.jpg,studio_white,0.0017944805,3.276739,6.601491
12,/kaggle/input/datasets/abdallahalidev/plantvillage-dataset/segmented/Corn_(maize)___healthy/16123a33-12e5-414e-9ae0-695b86e6cb3a___R.S_HL 8136 copy_final_masked.jpg,studio_white,0.00082215527,3.1901264,6.2074094
13,/kaggle/input/datasets/abdallahalidev/plantvillage-dataset/segmented/Corn_(maize)___healthy/44f2a3c4-6e69-40d8-9aec-ba79a37a767d___R.S_HL 5529 copy_final_masked.jpg,studio_white,0.0011627212,3.299271,6.41331
14,/kaggle/input/datasets/abdallahalidev/plantvillage-dataset/segmented/Corn_(maize)___healthy/3a668261-388a-45c1-8a8e-584cb3966bf0___R.S_HL 8071 copy_final_masked.jpg,studio_white,0.0011898126,3.1788006,6.172865
15,/kaggle/input/datasets/abdallahalidev/plantvillage-dataset/segmented/Corn_(maize)___healthy/93cdde3d-f06f-4fdd-8dfa-1b889cab8044___R.S_HL 0619 copy_final_masked.jpg,studio_white,0.0010706832,3.2414756,6.395205
16,/kaggle/input/datasets/abdallahalidev/plantvillage-dataset/segmented/Corn_(maize)___healthy/fdcf2bae-41a2-4c83-897f-31dd0b4e540c___R.S_HL 8225 copy 2_final_masked.jpg,studio_white,0.0009165725,3.2400837,6.3421926
17,/kaggle/input/datasets/abdallahalidev/plantvillage-dataset/segmented/Corn_(maize)___healthy/91efc716-495f-4292-a29d-0819af024515___R.S_HL 8009 copy_final_masked.jpg,studio_white,0.0011523878,3.2436037,6.5262346
18,/kaggle/input/datasets/abdallahalidev/plantvillage-dataset/segmented/Corn_(maize)___healthy/68b3c76b-d08f-498d-bc5e-ddf54af4fd73___R.S_HL 8027 copy_final_masked.jpg,studio_white,0.0020284692,3.304181,6.508535
19,/kaggle/input/datasets/abdallahalidev/plantvillage-dataset/segmented/Corn_(maize)___healthy/46277fc4-d989-4a82-ac74-719142e16f21___R.S_HL 7943 copy 2_final_masked.jpg,studio_white,0.0012823708,3.2275538,6.2891583
20,/kaggle/input/datasets/abdallahalidev/plantvillage-dataset/segmented/Corn_(maize)___healthy/026bd735-b9f4-4eab-86f3-23df15dbec95___R.S_HL 7938 copy_final_masked.jpg,studio_white,0.00146509,3.253917,6.432463
21,/kaggle/input/datasets/abdallahalidev/plantvillage-dataset/segmented/Corn_(maize)___healthy/be7c9d7f-2a89-4364-9173-76eecdd3d29e___R.S_HL 8298 copy_final_masked.jpg,studio_white,0.0010370348,3.2283947,6.1862993
22,/kaggle/input/datasets/abdallahalidev/plantvillage-dataset/segmented/Corn_(maize)___healthy/235b7976-4626-4244-9ed9-add8dc171ee9___R.S_HL 8196 copy_final_masked.jpg,studio_white,0.0012766519,3.2549808,6.52024
23,/kaggle/input/datasets/abdallahalidev/plantvillage-dataset/segmented/Corn_(maize)___healthy/a6180128-2b88-4e3e-8964-76186593e1ca___R.S_HL 8196 copy 2_final_masked.jpg,studio_white,0.0011500712,3.3149836,6.2712126
24,/kaggle/input/datasets/abdallahalidev/plantvillage-dataset/segmented/Corn_(maize)___healthy/1b875461-1cca-41b8-bc3b-34b5940f33a8___R.S_HL 8036 copy 2_final_masked.jpg,studio_white,0.0013046283,3.213961,6.140977
25,/kaggle/input/datasets/abdallahalidev/plantvillage-dataset/segmented/Corn_(maize)___healthy/0487da8b-736c-4310-82d2-fa8acf4aed07___R.S_HL 0646 copy 3_final_masked.jpg,studio_white,0.0020036527,3.3252223,6.645044
26,/kaggle/input/datasets/abdallahalidev/plantvillage-dataset/segmented/Corn_(maize)___healthy/8927572e-48ce-4933-a9f8-0a491d7b5bc2___R.S_HL 8310 copy_final_masked.jpg,studio_white,0.0015346422,3.2638447,6.348187
27,/kaggle/input/datasets/abdallahalidev/plantvillage-dataset/segmented/Corn_(maize)___healthy/c5bb2153-fbb8-4394-a911-1fbe186cafe5___R.S_HL 8044 copy 2_final_masked.jpg,studio_white,0.0009882533,3.2088907,6.2330346
28,/kaggle/input/datasets/abdallahalidev/plantvillage-dataset/segmented/Corn_(maize)___healthy/295e7512-bcc4-4412-a786-424d66dd3980___R.S_HL 0596_final_masked.jpg,studio_white,0.0012501786,3.2492595,6.3454967
29,/kaggle/input/datasets/abdallahalidev/plantvillage-dataset/segmented/Corn_(maize)___healthy/1383b6ed-14cc-4418-89ae-7262fc41771c___R.S_HL 7924 copy 2_final_masked.jpg,studio_white,0.0016016809,3.2949681,6.601408
30,/kaggle/input/datasets/abdallahalidev/plantvillage-dataset/segmented/Corn_(maize)___healthy/26f3cea7-cffe-4d2e-8e72-491a61653fb8___R.S_HL 0626 copy 3_final_masked.jpg,studio_white,0.000968987,3.238678,6.2800703
31,/kaggle/input/datasets/abdallahalidev/plantvillage-dataset/segmented/Corn_(maize)___healthy/3d760d50-9c32-4532-b3a0-e56066a43ef1___R.S_HL 7891 copy_final_masked.jpg,studio_white,0.0015258109,3.2339938,6.511491
32,/kaggle/input/datasets/abdallahalidev/plantvillage-dataset/segmented/Corn_(maize)___healthy/363ba8b2-4b66-4caa-ae2c-df6523aa6da6___R.S_HL 8234 copy 2_final_masked.jpg,studio_white,0.0014318279,3.2320592,6.2512755
33,/kaggle/input/datasets/abdallahalidev/plantvillage-dataset/segmented/Corn_(maize)___healthy/0a2dec45-729b-4825-b814-a73d14e8c7fe___R.S_HL 8211 copy_final_masked.jpg,studio_white,0.0009891925,3.1935174,6.186675
34,/kaggle/input/datasets/abdallahalidev/plantvillage-dataset/segmented/Corn_(maize)___healthy/80114b85-eb92-46f3-bf88-5befec2a72a5___R.S_HL 8181 copy 2_final_masked.jpg,studio_white,0.0011879074,3.2589746,6.350501
35,/kaggle/input/datasets/abdallahalidev/plantvillage-dataset/segmented/Corn_(maize)___healthy/bc2d6546-a407-4353-b903-93c5b68bfa2a___R.S_HL 8254 copy_final_masked.jpg,studio_white,0.0011256359,3.268851,6.395348
36,/kaggle/input/datasets/abdallahalidev/plantvillage-dataset/segmented/Corn_(maize)___healthy/d518aedb-9e6e-4567-bb79-1f019415d61c___R.S_HL 8010 copy_final_masked.jpg,studio_white,0.001203114,3.241677,6.3151298
37,/kaggle/input/datasets/abdallahalidev/plantvillage-dataset/segmented/Corn_(maize)___healthy/7252dde0-c959-483b-a17e-5b3aac4100ab___R.S_HL 7995 copy_final_masked.jpg,studio_white,0.0014594815,3.2622743,6.38311
38,/kaggle/input/datasets/abdallahalidev/plantvillage-dataset/segmented/Corn_(maize)___healthy/d0ed7e16-a6f5-403e-9b26-d0d9d74e1a32___R.S_HL 8004 copy_final_masked.jpg,studio_white,0.0010634316,3.237893,6.1790047
39,/kaggle/input/datasets/abdallahalidev/plantvillage-dataset/segmented/Corn_(maize)___healthy/1003bded-8167-4819-a1d8-627449fe7781___R.S_HL 7991 copy 2_final_masked.jpg,studio_white,0.0015800049,3.3169978,6.546564
40,/kaggle/input/datasets/abdallahalidev/plantvillage-dataset/segmented/Corn_(maize)___healthy/854c7bc4-5439-432a-8131-4e37bcb660b3___R.S_HL 7964 copy_final_masked.jpg,studio_white,0.002265877,3.414015,6.8875084
41,/kaggle/input/datasets/abdallahalidev/plantvillage-dataset/segmented/Corn_(maize)___healthy/9822967e-a218-48cd-9c31-632481bb8091___R.S_HL 8008 copy 3_final_masked.jpg,studio_white,0.0013125606,3.201387,6.2980123
42,/kaggle/input/datasets/abdallahalidev/plantvillage-dataset/segmented/Corn_(maize)___healthy/e905b0c6-95c0-446b-a2b0-c49d66704923___R.S_HL 0634 copy 3_final_masked.jpg,studio_white,0.0016297781,3.324159,6.678856
43,/kaggle/input/datasets/abdallahalidev/plantvillage-dataset/segmented/Corn_(maize)___healthy/d81b52fe-50d6-460b-88c0-64392ffdc901___R.S_HL 8054 copy_final_masked.jpg,studio_white,0.0010712135,3.222312,6.293211
44,/kaggle/input/datasets/abdallahalidev/plantvillage-dataset/segmented/Corn_(maize)___healthy/59f7744f-c282-416c-8387-cdbbb195cd4f___R.S_HL 7928 copy_final_masked.jpg,studio_white,0.0010902209,3.2237318,6.3443704
45,/kaggle/input/datasets/abdallahalidev/plantvillage-dataset/segmented/Corn_(maize)___healthy/ed1a380e-aee9-46db-b967-93f25bbfdbff___R.S_HL 7961 copy_final_masked.jpg,studio_white,0.0009368892,3.2335901,6.44528
46,/kaggle/input/datasets/abdallahalidev/plantvillage-dataset/segmented/Corn_(maize)___healthy/feddfdfa-14e3-4919-a527-814888364871___R.S_HL 5530 copy_final_masked.jpg,studio_white,0.0013577392,3.2985682,6.6742268
47,/kaggle/input/datasets/abdallahalidev/plantvillage-dataset/segmented/Corn_(maize)___healthy/88d705bb-1928-4323-9258-77ac3c2183ea___R.S_HL 8045 copy_final_masked.jpg,studio_white,0.0011825793,3.2325084,6.3718896
48,/kaggle/input/datasets/abdallahalidev/plantvillage-dataset/segmented/Corn_(maize)___healthy/06ec8081-1520-43e3-bda7-d74467f55992___R.S_HL 7935 copy_final_masked.jpg,studio_white,0.0010622797,3.2248104,6.318929
49,/kaggle/input/datasets/abdallahalidev/plantvillage-dataset/segmented/Corn_(maize)___healthy/aeb277f0-d22a-4c97-b9ba-4cd7f8c9f716___R.S_HL 8271 copy 2_final_masked.jpg,studio_white,0.0009917705,3.2256043,6.3184304
50,/kaggle/input/datasets/abdallahalidev/plantvillage-dataset/segmented/Corn_(maize)___healthy/e55e0dbd-5b63-463f-8556-ae18f1e50f7e___R.S_HL 8222 copy 2_final_masked.jpg,studio_white,0.0012449245,3.282079,6.4515157
51,/kaggle/input/datasets/abdallahalidev/plantvillage-dataset/segmented/Corn_(maize)___healthy/bda90983-a55a-40d2-bcbc-f2279e82d937___R.S_HL 8320 copy_final_masked.jpg,studio_white,0.0010295548,3.2203948,6.1898327
52,/kaggle/input/datasets/abdallahalidev/plantvillage-dataset/segmented/Corn_(maize)___healthy/f3102f6c-af30-41a5-80b7-fcfa86635651___R.S_HL 8324 copy 2_final_masked.jpg,studio_white,0.00068922405,3.2246797,6.2852054
53,/kaggle/input/datasets/abdallahalidev/plantvillage-dataset/segmented/Corn_(maize)___healthy/d8a72016-5579-43da-841b-d13030eaae6d___R.S_HL 7968 copy_final_masked.jpg,studio_white,0.0010157463,3.20552,6.1493816
54,/kaggle/input/datasets/abdallahalidev/plantvillage-dataset/segmented/Corn_(maize)___healthy/e83663a8-93f0-470c-8f43-7366bb3d8233___R.S_HL 7908 copy 2_final_masked.jpg,studio_white,0.0014294386,3.2477396,6.3732066
55,/kaggle/input/datasets/abdallahalidev/plantvillage-dataset/segmented/Corn_(maize)___healthy/b5f20d48-e6ab-401c-81b4-58e5147576b3___R.S_HL 8141 copy 2_final_masked.jpg,studio_white,0.0010196035,3.259353,6.0569844
56,/kaggle/input/datasets/abdallahalidev/plantvillage-dataset/segmented/Corn_(maize)___healthy/a5964bbc-97ad-4ee7-a5e4-2463d49b2d5a___R.S_HL 8214 copy 2_final_masked.jpg,studio_white,0.0012980007,3.221326,6.610638
57,/kaggle/input/datasets/abdallahalidev/plantvillage-dataset/segmented/Corn_(maize)___healthy/e42a64c8-fb93-47b0-bd2a-33ce669d13e2___R.S_HL 8149 copy_final_masked.jpg,studio_white,0.0011251653,3.2833283,6.202591
58,/kaggle/input/datasets/abdallahalidev/plantvillage-dataset/segmented/Corn_(maize)___healthy/0f16ec85-220f-4b3f-8a89-6e463676c8b0___R.S_HL 8013 copy 2_final_masked.jpg,studio_white,0.00093904434,3.229072,6.227482
59,/kaggle/input/datasets/abdallahalidev/plantvillage-dataset/segmented/Corn_(maize)___healthy/4ea4d667-2e5d-4440-83ee-5b0d68217272___R.S_HL 0651 copy 3_final_masked.jpg,studio_white,0.0014494825,3.2937417,6.5999455
60,/kaggle/input/datasets/abdallahalidev/plantvillage-dataset/segmented/Corn_(maize)___healthy/21380f6b-1ccb-4aa3-9cf6-af8d85b8925e___R.S_HL 8340 copy_final_masked.jpg,studio_white,0.0009798071,3.239846,6.240108
61,/kaggle/input/datasets/abdallahalidev/plantvillage-dataset/segmented/Corn_(maize)___healthy/d94448c4-ba78-4793-bd14-5d90e531e260___R.S_HL 7903 copy_final_masked.jpg,studio_white,0.001445359,3.236847,6.236701
62,/kaggle/input/datasets/abdallahalidev/plantvillage-dataset/segmented/Corn_(maize)___healthy/703c143f-5b27-4dc5-8a0f-70e29ee1cd85___R.S_HL 7957 copy 2_final_masked.jpg,studio_white,0.0017684549,3.2771513,6.4586797
63,/kaggle/input/datasets/abdallahalidev/plantvillage-dataset/segmented/Corn_(maize)___healthy/4a6aa530-32c7-49fe-a18b-a069bc49073d___R.S_HL 8304 copy_final_masked.jpg,studio_white,0.0011384274,3.2196352,6.199707
64,/kaggle/input/datasets/abdallahalidev/plantvillage-dataset/segmented/Corn_(maize)___healthy/92487305-9d20-46f4-addb-4f50b77e08b8___R.S_HL 8178 copy_final_masked.jpg,studio_white,0.0013740333,3.2935243,6.4586697
65,/kaggle/input/datasets/abdallahalidev/plantvillage-dataset/segmented/Corn_(maize)___healthy/faab655c-70a6-4888-9a14-48a4bfedc46e___R.S_HL 5556 copy_final_masked.jpg,studio_white,0.0015533792,3.30587,6.562704
66,/kaggle/input/datasets/abdallahalidev/plantvillage-dataset/segmented/Corn_(maize)___healthy/ac697b79-40fa-4d91-91e6-775982de76e5___R.S_HL 5507 copy 2_final_masked.jpg,studio_white,0.0013384039,3.2375948,6.296368
67,/kaggle/input/datasets/abdallahalidev/plantvillage-dataset/segmented/Corn_(maize)___healthy/1d424e91-e89b-4cf8-a0e9-48fc345cb9c4___R.S_HL 8299 copy_final_masked.jpg,studio_white,0.0012104546,3.219262,6.235568
68,/kaggle/input/datasets/abdallahalidev/plantvillage-dataset/segmented/Corn_(maize)___healthy/c9df4a59-99bf-479e-a3dd-7aef4c6706a5___R.S_HL 8211 copy 2_final_masked.jpg,studio_white,0.00086273265,3.222802,6.4031973
69,/kaggle/input/datasets/abdallahalidev/plantvillage-dataset/segmented/Corn_(maize)___healthy/aad5f376-fca2-4eed-8174-b9bc86654441___R.S_HL 0629 copy 2_final_masked.jpg,studio_white,0.001202089,3.214913,6.639775
70,/kaggle/input/datasets/abdallahalidev/plantvillage-dataset/segmented/Corn_(maize)___healthy/937045bf-b8e0-4bc1-b630-34b683a23cda___R.S_HL 5554 copy_final_masked.jpg,studio_white,0.0012817469,3.2663872,6.4339924
71,/kaggle/input/datasets/abdallahalidev/plantvillage-dataset/segmented/Corn_(maize)___healthy/0809c606-2a44-4c38-be5b-6321859d8829___R.S_HL 8137 copy_final_masked.jpg,studio_white,0.0009459446,3.181282,6.030003
72,/kaggle/input/datasets/abdallahalidev/plantvillage-dataset/segmented/Corn_(maize)___healthy/51f761a5-df28-4a44-bb1c-abd0ac8fe3f9___R.S_HL 7894 copy 2_final_masked.jpg,studio_white,0.00169015,3.2795658,6.644281
73,/kaggle/input/datasets/abdallahalidev/plantvillage-dataset/segmented/Corn_(maize)___healthy/23e5ca0e-c7c3-4b27-b3b7-a0bb4ecbe177___R.S_HL 8245 copy_final_masked.jpg,studio_white,0.0012239735,3.2629375,6.353961
74,/kaggle/input/datasets/abdallahalidev/plantvillage-dataset/segmented/Corn_(maize)___healthy/a00ac760-e369-4945-a88d-298aff55e014___R.S_HL 8124 copy_final_masked.jpg,studio_white,0.00085133815,3.1994755,6.3465414
75,/kaggle/input/datasets/abdallahalidev/plantvillage-dataset/segmented/Corn_(maize)___healthy/06f252bb-2ceb-4ca3-a25b-3c8016ee7ee8___R.S_HL 5498 copy 2_final_masked.jpg,studio_white,0.0018140415,3.3267312,6.5371585
76,/kaggle/input/datasets/abdallahalidev/plantvillage-dataset/segmented/Corn_(maize)___healthy/9bf79f09-b182-4092-b4a7-b1a00830ecfc___R.S_HL 0627 copy_final_masked.jpg,studio_white,0.0019503708,3.269604,6.615328
77,/kaggle/input/datasets/abdallahalidev/plantvillage-dataset/segmented/Corn_(maize)___healthy/62d6481b-2d3f-4998-83f9-7071b5fd9446___R.S_HL 8290 copy_final_masked.jpg,studio_white,0.0010030139,3.2569156,6.28474
78,/kaggle/input/datasets/abdallahalidev/plantvillage-dataset/segmented/Corn_(maize)___healthy/b0a8752f-204b-4282-ac8e-5f3667beb7c3___R.S_HL 8265 copy 2_final_masked.jpg,studio_white,0.0010728813,3.2256808,6.2095275
79,/kaggle/input/datasets/abdallahalidev/plantvillage-dataset/segmented/Corn_(maize)___healthy/f04a787c-6669-4a8e-8b8c-5d01d46ca724___R.S_HL 8105 copy_final_masked.jpg,studio_white,0.0011084301,3.230754,6.322437
80,/kaggle/input/datasets/abdallahalidev/plantvillage-dataset/segmented/Corn_(maize)___healthy/e07b298d-7dff-4297-a884-06c20a77e453___R.S_HL 5503 copy 2_final_masked.jpg,studio_white,0.001303856,3.234528,6.470031
81,/kaggle/input/datasets/abdallahalidev/plantvillage-dataset/segmented/Corn_(maize)___healthy/185137c7-4f0b-4c82-81af-97a710c89e0b___R.S_HL 7962 copy_final_masked.jpg,studio_white,0.0009096369,3.2575617,6.4169374
82,/kaggle/input/datasets/abdallahalidev/plantvillage-dataset/segmented/Corn_(maize)___healthy/7d9bd969-4031-45d2-b07a-26020da47471___R.S_HL 7924 copy_final_masked.jpg,studio_white,0.0012348103,3.2269504,6.2487416
83,/kaggle/input/datasets/abdallahalidev/plantvillage-dataset/segmented/Corn_(maize)___healthy/dcf1eb1d-f35f-4dfe-9f07-028ddf3abbc3___R.S_HL 8293 copy 2_final_masked.jpg,studio_white,0.0010927316,3.232083,6.2780094
84,/kaggle/input/datasets/abdallahalidev/plantvillage-dataset/segmented/Corn_(maize)___healthy/642c6d64-e53b-4d7b-951a-d00aaf805c32___R.S_HL 8213 copy_final_masked.jpg,studio_white,0.0020197607,3.2596262,6.674736
85,/kaggle/input/datasets/abdallahalidev/plantvillage-dataset/segmented/Corn_(maize)___healthy/f60d1557-0903-41b0-a640-be7f4353636a___R.S_HL 8345 copy 2_final_masked.jpg,studio_white,0.0007818217,3.1943789,6.3156176
86,/kaggle/input/datasets/abdallahalidev/plantvillage-dataset/segmented/Corn_(maize)___healthy/d82d7716-06d0-4309-8a57-ce73370ddad7___R.S_HL 8308 copy 2_final_masked.jpg,studio_white,0.0010795242,3.234048,6.35213
87,/kaggle/input/datasets/abdallahalidev/plantvillage-dataset/segmented/Corn_(maize)___healthy/4d96707c-8202-40cb-a6bf-c2ccce2dded0___R.S_HL 8081 copy_final_masked.jpg,studio_white,0.001004047,3.2374725,6.409564
88,/kaggle/input/datasets/abdallahalidev/plantvillage-dataset/segmented/Corn_(maize)___healthy/4217406b-4bdc-4484-9670-c0c350d854bd___R.S_HL 7976 copy 2_final_masked.jpg,studio_white,0.0011366981,3.2493513,6.4595256
89,/kaggle/input/datasets/abdallahalidev/plantvillage-dataset/segmented/Corn_(maize)___healthy/c3479d2a-e11f-4b3d-8152-930ae6e24d5c___R.S_HL 7904 copy_final_masked.jpg,studio_white,0.0016712251,3.237701,6.2768197
90,/kaggle/input/datasets/abdallahalidev/plantvillage-dataset/segmented/Corn_(maize)___healthy/a694e61f-3a63-40ac-9a31-66732cf9921d___R.S_HL 8116 copy 2_final_masked.jpg,studio_white,0.0011147552,3.2414117,6.383982
91,/kaggle/input/datasets/abdallahalidev/plantvillage-dataset/segmented/Corn_(maize)___healthy/cb88517b-a05a-410c-aac7-ba6d54fb8e56___R.S_HL 8030 copy 2_final_masked.jpg,studio_white,0.0009841655,3.2765324,6.3101993
92,/kaggle/input/datasets/abdallahalidev/plantvillage-dataset/segmented/Corn_(maize)___healthy/139db478-1c5e-4749-9b14-885376bfd8e3___R.S_HL 5493 copy 3_final_masked.jpg,studio_white,0.002060567,3.2349174,6.666989
93,/kaggle/input/datasets/abdallahalidev/plantvillage-dataset/segmented/Corn_(maize)___healthy/0630fcdc-33c1-478b-882f-07da48cf8002___R.S_HL 8026 copy_final_masked.jpg,studio_white,0.0018210657,3.2480125,6.396361
94,/kaggle/input/datasets/abdallahalidev/plantvillage-dataset/segmented/Corn_(maize)___healthy/3a50230b-09b4-4d82-9df7-1ae4b2945464___R.S_HL 8317 copy 2_final_masked.jpg,studio_white,0.0011084254,3.2015417,6.1481047
95,/kaggle/input/datasets/abdallahalidev/plantvillage-dataset/segmented/Corn_(maize)___healthy/c9c333a8-30ed-4163-adf1-c65379dac7ac___R.S_HL 7907 copy 3_final_masked.jpg,studio_white,0.0012456627,3.279293,6.4861784
96,/kaggle/input/datasets/abdallahalidev/plantvillage-dataset/segmented/Corn_(maize)___healthy/53ed74e8-9420-429f-8f49-ad5c40eed3a7___R.S_HL 7944 copy 2_final_masked.jpg,studio_white,0.0006615595,3.21626,6.3051596
97,/kaggle/input/datasets/abdallahalidev/plantvillage-dataset/segmented/Corn_(maize)___healthy/6cc79c8d-90b8-4343-94da-98c8edc968e3___R.S_HL 5553 copy_final_masked.jpg,studio_white,0.0013274414,3.2502708,6.5535693
98,/kaggle/input/datasets/abdallahalidev/plantvillage-dataset/segmented/Corn_(maize)___healthy/7586c29e-a9dd-4f71-8358-b465df203a53___R.S_HL 0646 copy_final_masked.jpg,studio_white,0.0018011857,3.2693694,6.457115
99,/kaggle/input/datasets/abdallahalidev/plantvillage-dataset/segmented/Corn_(maize)___healthy/b64f0fd8-4000-4675-81f9-e692a477a3ac___R.S_HL 8067 copy 2_final_masked.jpg,studio_white,0.0008385427,3.2033243,6.2106285
0,/kaggle/input/datasets/abdallahalidev/plantvillage-dataset/segmented/Corn_(maize)___healthy/161c4466-80c0-49b0-8d4d-b583c4c961b6___R.S_HL 0646 copy 5_final_masked.jpg,solid_gray,0.0020054374,3.2162793,6.355993
1,/kaggle/input/datasets/abdallahalidev/plantvillage-dataset/segmented/Corn_(maize)___healthy/74a4c1f4-26e2-4861-bcc8-16d26f215387___R.S_HL 8300 copy 2_final_masked.jpg,solid_gray,0.0013370656,3.1990423,6.118057
2,/kaggle/input/datasets/abdallahalidev/plantvillage-dataset/segmented/Corn_(maize)___healthy/22e495d5-0daa-4cf6-8555-61f26d091b66___R.S_HL 8061 copy_final_masked.jpg,solid_gray,0.0015743969,3.214969,6.247976
3,/kaggle/input/datasets/abdallahalidev/plantvillage-dataset/segmented/Corn_(maize)___healthy/b1565e81-b8c3-4ba3-8b57-94395f82a3f2___R.S_HL 0595 copy 2_final_masked.jpg,solid_gray,0.0016995638,3.182402,6.222144
4,/kaggle/input/datasets/abdallahalidev/plantvillage-dataset/segmented/Corn_(maize)___healthy/7377ca1f-38a7-4b2e-a53a-05483fb319e6___R.S_HL 7940 copy_final_masked.jpg,solid_gray,0.0017357212,3.2298737,6.299518
5,/kaggle/input/datasets/abdallahalidev/plantvillage-dataset/segmented/Corn_(maize)___healthy/2c52d7ed-d259-4ce3-b38a-9ecdb86b7e85___R.S_HL 8065 copy_final_masked.jpg,solid_gray,0.0016060843,3.2239807,6.431786
6,/kaggle/input/datasets/abdallahalidev/plantvillage-dataset/segmented/Corn_(maize)___healthy/10416d7b-f426-40c0-8661-72d359e51d15___R.S_HL 8328 copy 2_final_masked.jpg,solid_gray,0.0018400768,3.173422,6.3021226
7,/kaggle/input/datasets/abdallahalidev/plantvillage-dataset/segmented/Corn_(maize)___healthy/a69fb110-6abc-4025-b22a-9ce26e02a4e4___R.S_HL 7961 copy 3_final_masked.jpg,solid_gray,0.0018779616,3.1843479,6.2439275
8,/kaggle/input/datasets/abdallahalidev/plantvillage-dataset/segmented/Corn_(maize)___healthy/f21eae95-ba11-4eeb-bd33-e003535bbaea___R.S_HL 8164 copy_final_masked.jpg,solid_gray,0.0014321115,3.2597218,6.5109415
9,/kaggle/input/datasets/abdallahalidev/plantvillage-dataset/segmented/Corn_(maize)___healthy/fe301311-6c07-49d8-933a-aa10287b205e___R.S_HL 8220 copy 4_final_masked.jpg,solid_gray,0.0015451934,3.2353477,6.40626
10,/kaggle/input/datasets/abdallahalidev/plantvillage-dataset/segmented/Corn_(maize)___healthy/90548ed6-1573-4a72-9f60-6188a1fbd2ff___R.S_HL 8150 copy_final_masked.jpg,solid_gray,0.001379227,3.192041,6.1980114
11,/kaggle/input/datasets/abdallahalidev/plantvillage-dataset/segmented/Corn_(maize)___healthy/960290a7-64f3-4d17-88b2-de8772c5810b___R.S_HL 5509 copy_final_masked.jpg,solid_gray,0.0019777894,3.2150993,6.525434
12,/kaggle/input/datasets/abdallahalidev/plantvillage-dataset/segmented/Corn_(maize)___healthy/16123a33-12e5-414e-9ae0-695b86e6cb3a___R.S_HL 8136 copy_final_masked.jpg,solid_gray,0.0015338798,3.1800132,6.2340913
13,/kaggle/input/datasets/abdallahalidev/plantvillage-dataset/segmented/Corn_(maize)___healthy/44f2a3c4-6e69-40d8-9aec-ba79a37a767d___R.S_HL 5529 copy_final_masked.jpg,solid_gray,0.0015251528,3.2468324,6.455304
14,/kaggle/input/datasets/abdallahalidev/plantvillage-dataset/segmented/Corn_(maize)___healthy/3a668261-388a-45c1-8a8e-584cb3966bf0___R.S_HL 8071 copy_final_masked.jpg,solid_gray,0.0014861546,3.1015692,6.1351995
15,/kaggle/input/datasets/abdallahalidev/plantvillage-dataset/segmented/Corn_(maize)___healthy/93cdde3d-f06f-4fdd-8dfa-1b889cab8044___R.S_HL 0619 copy_final_masked.jpg,solid_gray,0.0016937666,3.2317631,6.4205184
16,/kaggle/input/datasets/abdallahalidev/plantvillage-dataset/segmented/Corn_(maize)___healthy/fdcf2bae-41a2-4c83-897f-31dd0b4e540c___R.S_HL 8225 copy 2_final_masked.jpg,solid_gray,0.0015366205,3.2053661,6.2728696
17,/kaggle/input/datasets/abdallahalidev/plantvillage-dataset/segmented/Corn_(maize)___healthy/91efc716-495f-4292-a29d-0819af024515___R.S_HL 8009 copy_final_masked.jpg,solid_gray,0.001662269,3.1886172,6.54942
18,/kaggle/input/datasets/abdallahalidev/plantvillage-dataset/segmented/Corn_(maize)___healthy/68b3c76b-d08f-498d-bc5e-ddf54af4fd73___R.S_HL 8027 copy_final_masked.jpg,solid_gray,0.0021915687,3.242274,6.456381
19,/kaggle/input/datasets/abdallahalidev/plantvillage-dataset/segmented/Corn_(maize)___healthy/46277fc4-d989-4a82-ac74-719142e16f21___R.S_HL 7943 copy 2_final_masked.jpg,solid_gray,0.0017820768,3.1861537,6.2322855
20,/kaggle/input/datasets/abdallahalidev/plantvillage-dataset/segmented/Corn_(maize)___healthy/026bd735-b9f4-4eab-86f3-23df15dbec95___R.S_HL 7938 copy_final_masked.jpg,solid_gray,0.0019818994,3.2297924,6.407695
21,/kaggle/input/datasets/abdallahalidev/plantvillage-dataset/segmented/Corn_(maize)___healthy/be7c9d7f-2a89-4364-9173-76eecdd3d29e___R.S_HL 8298 copy_final_masked.jpg,solid_gray,0.0016513194,3.2029836,6.1471095
22,/kaggle/input/datasets/abdallahalidev/plantvillage-dataset/segmented/Corn_(maize)___healthy/235b7976-4626-4244-9ed9-add8dc171ee9___R.S_HL 8196 copy_final_masked.jpg,solid_gray,0.0014838137,3.16104,6.33608
23,/kaggle/input/datasets/abdallahalidev/plantvillage-dataset/segmented/Corn_(maize)___healthy/a6180128-2b88-4e3e-8964-76186593e1ca___R.S_HL 8196 copy 2_final_masked.jpg,solid_gray,0.0014349972,3.2523308,6.1599345
24,/kaggle/input/datasets/abdallahalidev/plantvillage-dataset/segmented/Corn_(maize)___healthy/1b875461-1cca-41b8-bc3b-34b5940f33a8___R.S_HL 8036 copy 2_final_masked.jpg,solid_gray,0.0015335984,3.1560571,6.190589
25,/kaggle/input/datasets/abdallahalidev/plantvillage-dataset/segmented/Corn_(maize)___healthy/0487da8b-736c-4310-82d2-fa8acf4aed07___R.S_HL 0646 copy 3_final_masked.jpg,solid_gray,0.0022745286,3.2689893,6.585525
26,/kaggle/input/datasets/abdallahalidev/plantvillage-dataset/segmented/Corn_(maize)___healthy/8927572e-48ce-4933-a9f8-0a491d7b5bc2___R.S_HL 8310 copy_final_masked.jpg,solid_gray,0.0020985366,3.2320347,6.3681417
27,/kaggle/input/datasets/abdallahalidev/plantvillage-dataset/segmented/Corn_(maize)___healthy/c5bb2153-fbb8-4394-a911-1fbe186cafe5___R.S_HL 8044 copy 2_final_masked.jpg,solid_gray,0.0015130658,3.1542597,6.2648015
28,/kaggle/input/datasets/abdallahalidev/plantvillage-dataset/segmented/Corn_(maize)___healthy/295e7512-bcc4-4412-a786-424d66dd3980___R.S_HL 0596_final_masked.jpg,solid_gray,0.0016998078,3.1983325,6.3207397
29,/kaggle/input/datasets/abdallahalidev/plantvillage-dataset/segmented/Corn_(maize)___healthy/1383b6ed-14cc-4418-89ae-7262fc41771c___R.S_HL 7924 copy 2_final_masked.jpg,solid_gray,0.0018543055,3.2322712,6.483032
30,/kaggle/input/datasets/abdallahalidev/plantvillage-dataset/segmented/Corn_(maize)___healthy/26f3cea7-cffe-4d2e-8e72-491a61653fb8___R.S_HL 0626 copy 3_final_masked.jpg,solid_gray,0.0016326446,3.2016132,6.295486
31,/kaggle/input/datasets/abdallahalidev/plantvillage-dataset/segmented/Corn_(maize)___healthy/3d760d50-9c32-4532-b3a0-e56066a43ef1___R.S_HL 7891 copy_final_masked.jpg,solid_gray,0.001960658,3.198686,6.5195312
32,/kaggle/input/datasets/abdallahalidev/plantvillage-dataset/segmented/Corn_(maize)___healthy/363ba8b2-4b66-4caa-ae2c-df6523aa6da6___R.S_HL 8234 copy 2_final_masked.jpg,solid_gray,0.0016429999,3.1748464,6.221556
33,/kaggle/input/datasets/abdallahalidev/plantvillage-dataset/segmented/Corn_(maize)___healthy/0a2dec45-729b-4825-b814-a73d14e8c7fe___R.S_HL 8211 copy_final_masked.jpg,solid_gray,0.0014416352,3.132478,6.15988
34,/kaggle/input/datasets/abdallahalidev/plantvillage-dataset/segmented/Corn_(maize)___healthy/80114b85-eb92-46f3-bf88-5befec2a72a5___R.S_HL 8181 copy 2_final_masked.jpg,solid_gray,0.0015522446,3.1771536,6.202912
35,/kaggle/input/datasets/abdallahalidev/plantvillage-dataset/segmented/Corn_(maize)___healthy/bc2d6546-a407-4353-b903-93c5b68bfa2a___R.S_HL 8254 copy_final_masked.jpg,solid_gray,0.0013790884,3.1875541,6.2617764
36,/kaggle/input/datasets/abdallahalidev/plantvillage-dataset/segmented/Corn_(maize)___healthy/d518aedb-9e6e-4567-bb79-1f019415d61c___R.S_HL 8010 copy_final_masked.jpg,solid_gray,0.0019105215,3.2236676,6.3545437
37,/kaggle/input/datasets/abdallahalidev/plantvillage-dataset/segmented/Corn_(maize)___healthy/7252dde0-c959-483b-a17e-5b3aac4100ab___R.S_HL 7995 copy_final_masked.jpg,solid_gray,0.0018789312,3.202422,6.3767686
38,/kaggle/input/datasets/abdallahalidev/plantvillage-dataset/segmented/Corn_(maize)___healthy/d0ed7e16-a6f5-403e-9b26-d0d9d74e1a32___R.S_HL 8004 copy_final_masked.jpg,solid_gray,0.0015353773,3.1919618,6.1419086
39,/kaggle/input/datasets/abdallahalidev/plantvillage-dataset/segmented/Corn_(maize)___healthy/1003bded-8167-4819-a1d8-627449fe7781___R.S_HL 7991 copy 2_final_masked.jpg,solid_gray,0.0017563426,3.259607,6.4871225
40,/kaggle/input/datasets/abdallahalidev/plantvillage-dataset/segmented/Corn_(maize)___healthy/854c7bc4-5439-432a-8131-4e37bcb660b3___R.S_HL 7964 copy_final_masked.jpg,solid_gray,0.0021054745,3.3282719,6.914731
41,/kaggle/input/datasets/abdallahalidev/plantvillage-dataset/segmented/Corn_(maize)___healthy/9822967e-a218-48cd-9c31-632481bb8091___R.S_HL 8008 copy 3_final_masked.jpg,solid_gray,0.001704059,3.1643097,6.329342
42,/kaggle/input/datasets/abdallahalidev/plantvillage-dataset/segmented/Corn_(maize)___healthy/e905b0c6-95c0-446b-a2b0-c49d66704923___R.S_HL 0634 copy 3_final_masked.jpg,solid_gray,0.0019279742,3.2740176,6.664765
43,/kaggle/input/datasets/abdallahalidev/plantvillage-dataset/segmented/Corn_(maize)___healthy/d81b52fe-50d6-460b-88c0-64392ffdc901___R.S_HL 8054 copy_final_masked.jpg,solid_gray,0.0016260612,3.1861491,6.250396
44,/kaggle/input/datasets/abdallahalidev/plantvillage-dataset/segmented/Corn_(maize)___healthy/59f7744f-c282-416c-8387-cdbbb195cd4f___R.S_HL 7928 copy_final_masked.jpg,solid_gray,0.001690741,3.1903772,6.3282356
45,/kaggle/input/datasets/abdallahalidev/plantvillage-dataset/segmented/Corn_(maize)___healthy/ed1a380e-aee9-46db-b967-93f25bbfdbff___R.S_HL 7961 copy_final_masked.jpg,solid_gray,0.0016377106,3.2081563,6.432316
46,/kaggle/input/datasets/abdallahalidev/plantvillage-dataset/segmented/Corn_(maize)___healthy/feddfdfa-14e3-4919-a527-814888364871___R.S_HL 5530 copy_final_masked.jpg,solid_gray,0.0017583868,3.2663586,6.6297593
47,/kaggle/input/datasets/abdallahalidev/plantvillage-dataset/segmented/Corn_(maize)___healthy/88d705bb-1928-4323-9258-77ac3c2183ea___R.S_HL 8045 copy_final_masked.jpg,solid_gray,0.0016306828,3.2019684,6.3061786
48,/kaggle/input/datasets/abdallahalidev/plantvillage-dataset/segmented/Corn_(maize)___healthy/06ec8081-1520-43e3-bda7-d74467f55992___R.S_HL 7935 copy_final_masked.jpg,solid_gray,0.0015604829,3.217006,6.405997
49,/kaggle/input/datasets/abdallahalidev/plantvillage-dataset/segmented/Corn_(maize)___healthy/aeb277f0-d22a-4c97-b9ba-4cd7f8c9f716___R.S_HL 8271 copy 2_final_masked.jpg,solid_gray,0.0015431559,3.1889586,6.2319813
50,/kaggle/input/datasets/abdallahalidev/plantvillage-dataset/segmented/Corn_(maize)___healthy/e55e0dbd-5b63-463f-8556-ae18f1e50f7e___R.S_HL 8222 copy 2_final_masked.jpg,solid_gray,0.0015390462,3.2287467,6.436023
51,/kaggle/input/datasets/abdallahalidev/plantvillage-dataset/segmented/Corn_(maize)___healthy/bda90983-a55a-40d2-bcbc-f2279e82d937___R.S_HL 8320 copy_final_masked.jpg,solid_gray,0.0014877773,3.1737537,6.166307
52,/kaggle/input/datasets/abdallahalidev/plantvillage-dataset/segmented/Corn_(maize)___healthy/f3102f6c-af30-41a5-80b7-fcfa86635651___R.S_HL 8324 copy 2_final_masked.jpg,solid_gray,0.0015954289,3.2285373,6.317534
53,/kaggle/input/datasets/abdallahalidev/plantvillage-dataset/segmented/Corn_(maize)___healthy/d8a72016-5579-43da-841b-d13030eaae6d___R.S_HL 7968 copy_final_masked.jpg,solid_gray,0.0014932159,3.167073,6.1561675
54,/kaggle/input/datasets/abdallahalidev/plantvillage-dataset/segmented/Corn_(maize)___healthy/e83663a8-93f0-470c-8f43-7366bb3d8233___R.S_HL 7908 copy 2_final_masked.jpg,solid_gray,0.0019007435,3.2381797,6.4299846
55,/kaggle/input/datasets/abdallahalidev/plantvillage-dataset/segmented/Corn_(maize)___healthy/b5f20d48-e6ab-401c-81b4-58e5147576b3___R.S_HL 8141 copy 2_final_masked.jpg,solid_gray,0.0014288326,3.1974344,5.995654
56,/kaggle/input/datasets/abdallahalidev/plantvillage-dataset/segmented/Corn_(maize)___healthy/a5964bbc-97ad-4ee7-a5e4-2463d49b2d5a___R.S_HL 8214 copy 2_final_masked.jpg,solid_gray,0.0017847116,3.1993806,6.6425195
57,/kaggle/input/datasets/abdallahalidev/plantvillage-dataset/segmented/Corn_(maize)___healthy/e42a64c8-fb93-47b0-bd2a-33ce669d13e2___R.S_HL 8149 copy_final_masked.jpg,solid_gray,0.0014141432,3.21427,6.180416
58,/kaggle/input/datasets/abdallahalidev/plantvillage-dataset/segmented/Corn_(maize)___healthy/0f16ec85-220f-4b3f-8a89-6e463676c8b0___R.S_HL 8013 copy 2_final_masked.jpg,solid_gray,0.0015731684,3.2114139,6.2097816
59,/kaggle/input/datasets/abdallahalidev/plantvillage-dataset/segmented/Corn_(maize)___healthy/4ea4d667-2e5d-4440-83ee-5b0d68217272___R.S_HL 0651 copy 3_final_masked.jpg,solid_gray,0.0017794766,3.2224329,6.6491947
60,/kaggle/input/datasets/abdallahalidev/plantvillage-dataset/segmented/Corn_(maize)___healthy/21380f6b-1ccb-4aa3-9cf6-af8d85b8925e___R.S_HL 8340 copy_final_masked.jpg,solid_gray,0.0014127169,3.1864684,6.25512
61,/kaggle/input/datasets/abdallahalidev/plantvillage-dataset/segmented/Corn_(maize)___healthy/d94448c4-ba78-4793-bd14-5d90e531e260___R.S_HL 7903 copy_final_masked.jpg,solid_gray,0.0017845681,3.203342,6.341402
62,/kaggle/input/datasets/abdallahalidev/plantvillage-dataset/segmented/Corn_(maize)___healthy/703c143f-5b27-4dc5-8a0f-70e29ee1cd85___R.S_HL 7957 copy 2_final_masked.jpg,solid_gray,0.0018462357,3.211177,6.4417124
63,/kaggle/input/datasets/abdallahalidev/plantvillage-dataset/segmented/Corn_(maize)___healthy/4a6aa530-32c7-49fe-a18b-a069bc49073d___R.S_HL 8304 copy_final_masked.jpg,solid_gray,0.0017809167,3.1902776,6.229917
64,/kaggle/input/datasets/abdallahalidev/plantvillage-dataset/segmented/Corn_(maize)___healthy/92487305-9d20-46f4-addb-4f50b77e08b8___R.S_HL 8178 copy_final_masked.jpg,solid_gray,0.0017687783,3.2584252,6.396234
65,/kaggle/input/datasets/abdallahalidev/plantvillage-dataset/segmented/Corn_(maize)___healthy/faab655c-70a6-4888-9a14-48a4bfedc46e___R.S_HL 5556 copy_final_masked.jpg,solid_gray,0.0021878607,3.2934918,6.581721
66,/kaggle/input/datasets/abdallahalidev/plantvillage-dataset/segmented/Corn_(maize)___healthy/ac697b79-40fa-4d91-91e6-775982de76e5___R.S_HL 5507 copy 2_final_masked.jpg,solid_gray,0.0016819335,3.190957,6.307966
67,/kaggle/input/datasets/abdallahalidev/plantvillage-dataset/segmented/Corn_(maize)___healthy/1d424e91-e89b-4cf8-a0e9-48fc345cb9c4___R.S_HL 8299 copy_final_masked.jpg,solid_gray,0.001510604,3.164506,6.21805
68,/kaggle/input/datasets/abdallahalidev/plantvillage-dataset/segmented/Corn_(maize)___healthy/c9df4a59-99bf-479e-a3dd-7aef4c6706a5___R.S_HL 8211 copy 2_final_masked.jpg,solid_gray,0.0017430505,3.2030754,6.3842845
69,/kaggle/input/datasets/abdallahalidev/plantvillage-dataset/segmented/Corn_(maize)___healthy/aad5f376-fca2-4eed-8174-b9bc86654441___R.S_HL 0629 copy 2_final_masked.jpg,solid_gray,0.0016780462,3.1812305,6.6489305
70,/kaggle/input/datasets/abdallahalidev/plantvillage-dataset/segmented/Corn_(maize)___healthy/937045bf-b8e0-4bc1-b630-34b683a23cda___R.S_HL 5554 copy_final_masked.jpg,solid_gray,0.0016537671,3.222699,6.478994
71,/kaggle/input/datasets/abdallahalidev/plantvillage-dataset/segmented/Corn_(maize)___healthy/0809c606-2a44-4c38-be5b-6321859d8829___R.S_HL 8137 copy_final_masked.jpg,solid_gray,0.0015868483,3.1564014,6.0613647
72,/kaggle/input/datasets/abdallahalidev/plantvillage-dataset/segmented/Corn_(maize)___healthy/51f761a5-df28-4a44-bb1c-abd0ac8fe3f9___R.S_HL 7894 copy 2_final_masked.jpg,solid_gray,0.0021168455,3.2361522,6.5964394
73,/kaggle/input/datasets/abdallahalidev/plantvillage-dataset/segmented/Corn_(maize)___healthy/23e5ca0e-c7c3-4b27-b3b7-a0bb4ecbe177___R.S_HL 8245 copy_final_masked.jpg,solid_gray,0.0014280567,3.1967633,6.287351
74,/kaggle/input/datasets/abdallahalidev/plantvillage-dataset/segmented/Corn_(maize)___healthy/a00ac760-e369-4945-a88d-298aff55e014___R.S_HL 8124 copy_final_masked.jpg,solid_gray,0.0015861816,3.1842227,6.4244633
75,/kaggle/input/datasets/abdallahalidev/plantvillage-dataset/segmented/Corn_(maize)___healthy/06f252bb-2ceb-4ca3-a25b-3c8016ee7ee8___R.S_HL 5498 copy 2_final_masked.jpg,solid_gray,0.002008108,3.2820795,6.5051317
76,/kaggle/input/datasets/abdallahalidev/plantvillage-dataset/segmented/Corn_(maize)___healthy/9bf79f09-b182-4092-b4a7-b1a00830ecfc___R.S_HL 0627 copy_final_masked.jpg,solid_gray,0.002309392,3.2090871,6.6565623
77,/kaggle/input/datasets/abdallahalidev/plantvillage-dataset/segmented/Corn_(maize)___healthy/62d6481b-2d3f-4998-83f9-7071b5fd9446___R.S_HL 8290 copy_final_masked.jpg,solid_gray,0.001479524,3.2108788,6.2371316
78,/kaggle/input/datasets/abdallahalidev/plantvillage-dataset/segmented/Corn_(maize)___healthy/b0a8752f-204b-4282-ac8e-5f3667beb7c3___R.S_HL 8265 copy 2_final_masked.jpg,solid_gray,0.0014620274,3.1603537,6.098202
79,/kaggle/input/datasets/abdallahalidev/plantvillage-dataset/segmented/Corn_(maize)___healthy/f04a787c-6669-4a8e-8b8c-5d01d46ca724___R.S_HL 8105 copy_final_masked.jpg,solid_gray,0.0015498835,3.2016146,6.312207
80,/kaggle/input/datasets/abdallahalidev/plantvillage-dataset/segmented/Corn_(maize)___healthy/e07b298d-7dff-4297-a884-06c20a77e453___R.S_HL 5503 copy 2_final_masked.jpg,solid_gray,0.0016568366,3.1643856,6.3796635
81,/kaggle/input/datasets/abdallahalidev/plantvillage-dataset/segmented/Corn_(maize)___healthy/185137c7-4f0b-4c82-81af-97a710c89e0b___R.S_HL 7962 copy_final_masked.jpg,solid_gray,0.0014954759,3.221383,6.3526073
82,/kaggle/input/datasets/abdallahalidev/plantvillage-dataset/segmented/Corn_(maize)___healthy/7d9bd969-4031-45d2-b07a-26020da47471___R.S_HL 7924 copy_final_masked.jpg,solid_gray,0.0017314212,3.2044246,6.3377857
83,/kaggle/input/datasets/abdallahalidev/plantvillage-dataset/segmented/Corn_(maize)___healthy/dcf1eb1d-f35f-4dfe-9f07-028ddf3abbc3___R.S_HL 8293 copy 2_final_masked.jpg,solid_gray,0.0016335654,3.2009637,6.243124
84,/kaggle/input/datasets/abdallahalidev/plantvillage-dataset/segmented/Corn_(maize)___healthy/642c6d64-e53b-4d7b-951a-d00aaf805c32___R.S_HL 8213 copy_final_masked.jpg,solid_gray,0.0027511115,3.2506583,6.6398053
85,/kaggle/input/datasets/abdallahalidev/plantvillage-dataset/segmented/Corn_(maize)___healthy/f60d1557-0903-41b0-a640-be7f4353636a___R.S_HL 8345 copy 2_final_masked.jpg,solid_gray,0.0013848841,3.1493645,6.2554345
86,/kaggle/input/datasets/abdallahalidev/plantvillage-dataset/segmented/Corn_(maize)___healthy/d82d7716-06d0-4309-8a57-ce73370ddad7___R.S_HL 8308 copy 2_final_masked.jpg,solid_gray,0.0015568947,3.1868186,6.409876
87,/kaggle/input/datasets/abdallahalidev/plantvillage-dataset/segmented/Corn_(maize)___healthy/4d96707c-8202-40cb-a6bf-c2ccce2dded0___R.S_HL 8081 copy_final_masked.jpg,solid_gray,0.0016358191,3.203991,6.4150767
88,/kaggle/input/datasets/abdallahalidev/plantvillage-dataset/segmented/Corn_(maize)___healthy/4217406b-4bdc-4484-9670-c0c350d854bd___R.S_HL 7976 copy 2_final_masked.jpg,solid_gray,0.0016126493,3.2049549,6.385204
89,/kaggle/input/datasets/abdallahalidev/plantvillage-dataset/segmented/Corn_(maize)___healthy/c3479d2a-e11f-4b3d-8152-930ae6e24d5c___R.S_HL 7904 copy_final_masked.jpg,solid_gray,0.0021799598,3.1984456,6.262609
90,/kaggle/input/datasets/abdallahalidev/plantvillage-dataset/segmented/Corn_(maize)___healthy/a694e61f-3a63-40ac-9a31-66732cf9921d___R.S_HL 8116 copy 2_final_masked.jpg,solid_gray,0.0017201899,3.2112737,6.3009224
91,/kaggle/input/datasets/abdallahalidev/plantvillage-dataset/segmented/Corn_(maize)___healthy/cb88517b-a05a-410c-aac7-ba6d54fb8e56___R.S_HL 8030 copy 2_final_masked.jpg,solid_gray,0.0014882454,3.2553747,6.2967477
92,/kaggle/input/datasets/abdallahalidev/plantvillage-dataset/segmented/Corn_(maize)___healthy/139db478-1c5e-4749-9b14-885376bfd8e3___R.S_HL 5493 copy 3_final_masked.jpg,solid_gray,0.0022817217,3.1912305,6.7309213
93,/kaggle/input/datasets/abdallahalidev/plantvillage-dataset/segmented/Corn_(maize)___healthy/0630fcdc-33c1-478b-882f-07da48cf8002___R.S_HL 8026 copy_final_masked.jpg,solid_gray,0.0023731482,3.2205875,6.359003
94,/kaggle/input/datasets/abdallahalidev/plantvillage-dataset/segmented/Corn_(maize)___healthy/3a50230b-09b4-4d82-9df7-1ae4b2945464___R.S_HL 8317 copy 2_final_masked.jpg,solid_gray,0.0014939517,3.1554055,6.108371
95,/kaggle/input/datasets/abdallahalidev/plantvillage-dataset/segmented/Corn_(maize)___healthy/c9c333a8-30ed-4163-adf1-c65379dac7ac___R.S_HL 7907 copy 3_final_masked.jpg,solid_gray,0.0018451002,3.2393646,6.5353947
96,/kaggle/input/datasets/abdallahalidev/plantvillage-dataset/segmented/Corn_(maize)___healthy/53ed74e8-9420-429f-8f49-ad5c40eed3a7___R.S_HL 7944 copy 2_final_masked.jpg,solid_gray,0.0015331063,3.2289715,6.3873177
97,/kaggle/input/datasets/abdallahalidev/plantvillage-dataset/segmented/Corn_(maize)___healthy/6cc79c8d-90b8-4343-94da-98c8edc968e3___R.S_HL 5553 copy_final_masked.jpg,solid_gray,0.0016890301,3.192556,6.5549445
98,/kaggle/input/datasets/abdallahalidev/plantvillage-dataset/segmented/Corn_(maize)___healthy/7586c29e-a9dd-4f71-8358-b465df203a53___R.S_HL 0646 copy_final_masked.jpg,solid_gray,0.0020614192,3.1969504,6.2982445
99,/kaggle/input/datasets/abdallahalidev/plantvillage-dataset/segmented/Corn_(maize)___healthy/b64f0fd8-4000-4675-81f9-e692a477a3ac___R.S_HL 8067 copy 2_final_masked.jpg,solid_gray,0.0015277555,3.1940992,6.254112
0,/kaggle/input/datasets/abdallahalidev/plantvillage-dataset/segmented/Corn_(maize)___healthy/161c4466-80c0-49b0-8d4d-b583c4c961b6___R.S_HL 0646 copy 5_final_masked.jpg,pd_non_corn,0.004899204,3.2798772,6.7422414
1,/kaggle/input/datasets/abdallahalidev/plantvillage-dataset/segmented/Corn_(maize)___healthy/74a4c1f4-26e2-4861-bcc8-16d26f215387___R.S_HL 8300 copy 2_final_masked.jpg,pd_non_corn,0.009919944,3.1926072,6.4130645
2,/kaggle/input/datasets/abdallahalidev/plantvillage-dataset/segmented/Corn_(maize)___healthy/22e495d5-0daa-4cf6-8555-61f26d091b66___R.S_HL 8061 copy_final_masked.jpg,pd_non_corn,0.003823524,3.0945852,5.9307075
3,/kaggle/input/datasets/abdallahalidev/plantvillage-dataset/segmented/Corn_(maize)___healthy/b1565e81-b8c3-4ba3-8b57-94395f82a3f2___R.S_HL 0595 copy 2_final_masked.jpg,pd_non_corn,0.0056975326,3.0094361,6.0674458
4,/kaggle/input/datasets/abdallahalidev/plantvillage-dataset/segmented/Corn_(maize)___healthy/7377ca1f-38a7-4b2e-a53a-05483fb319e6___R.S_HL 7940 copy_final_masked.jpg,pd_non_corn,0.006540065,3.2875144,6.3928394
5,/kaggle/input/datasets/abdallahalidev/plantvillage-dataset/segmented/Corn_(maize)___healthy/2c52d7ed-d259-4ce3-b38a-9ecdb86b7e85___R.S_HL 8065 copy_final_masked.jpg,pd_non_corn,0.005933793,3.4586868,6.6800566
6,/kaggle/input/datasets/abdallahalidev/plantvillage-dataset/segmented/Corn_(maize)___healthy/10416d7b-f426-40c0-8661-72d359e51d15___R.S_HL 8328 copy 2_final_masked.jpg,pd_non_corn,0.006339468,3.057166,6.109899
7,/kaggle/input/datasets/abdallahalidev/plantvillage-dataset/segmented/Corn_(maize)___healthy/a69fb110-6abc-4025-b22a-9ce26e02a4e4___R.S_HL 7961 copy 3_final_masked.jpg,pd_non_corn,0.0049300287,3.1442957,6.408037
8,/kaggle/input/datasets/abdallahalidev/plantvillage-dataset/segmented/Corn_(maize)___healthy/f21eae95-ba11-4eeb-bd33-e003535bbaea___R.S_HL 8164 copy_final_masked.jpg,pd_non_corn,0.0041474127,3.0764587,6.1937714
9,/kaggle/input/datasets/abdallahalidev/plantvillage-dataset/segmented/Corn_(maize)___healthy/fe301311-6c07-49d8-933a-aa10287b205e___R.S_HL 8220 copy 4_final_masked.jpg,pd_non_corn,0.00604031,3.4919114,6.879285
10,/kaggle/input/datasets/abdallahalidev/plantvillage-dataset/segmented/Corn_(maize)___healthy/90548ed6-1573-4a72-9f60-6188a1fbd2ff___R.S_HL 8150 copy_final_masked.jpg,pd_non_corn,0.0042383615,3.1330833,6.097763
11,/kaggle/input/datasets/abdallahalidev/plantvillage-dataset/segmented/Corn_(maize)___healthy/960290a7-64f3-4d17-88b2-de8772c5810b___R.S_HL 5509 copy_final_masked.jpg,pd_non_corn,0.0048620896,3.1401422,6.1623096
12,/kaggle/input/datasets/abdallahalidev/plantvillage-dataset/segmented/Corn_(maize)___healthy/16123a33-12e5-414e-9ae0-695b86e6cb3a___R.S_HL 8136 copy_final_masked.jpg,pd_non_corn,0.005107212,3.160583,6.202379
13,/kaggle/input/datasets/abdallahalidev/plantvillage-dataset/segmented/Corn_(maize)___healthy/44f2a3c4-6e69-40d8-9aec-ba79a37a767d___R.S_HL 5529 copy_final_masked.jpg,pd_non_corn,0.0041361763,3.1142845,6.236943
14,/kaggle/input/datasets/abdallahalidev/plantvillage-dataset/segmented/Corn_(maize)___healthy/3a668261-388a-45c1-8a8e-584cb3966bf0___R.S_HL 8071 copy_final_masked.jpg,pd_non_corn,0.0037358063,3.1982994,6.213886
15,/kaggle/input/datasets/abdallahalidev/plantvillage-dataset/segmented/Corn_(maize)___healthy/93cdde3d-f06f-4fdd-8dfa-1b889cab8044___R.S_HL 0619 copy_final_masked.jpg,pd_non_corn,0.0032910001,3.3133636,6.4095817
16,/kaggle/input/datasets/abdallahalidev/plantvillage-dataset/segmented/Corn_(maize)___healthy/fdcf2bae-41a2-4c83-897f-31dd0b4e540c___R.S_HL 8225 copy 2_final_masked.jpg,pd_non_corn,0.003981387,3.3812163,6.4204426
17,/kaggle/input/datasets/abdallahalidev/plantvillage-dataset/segmented/Corn_(maize)___healthy/91efc716-495f-4292-a29d-0819af024515___R.S_HL 8009 copy_final_masked.jpg,pd_non_corn,0.0031727124,3.3212285,6.7746525
18,/kaggle/input/datasets/abdallahalidev/plantvillage-dataset/segmented/Corn_(maize)___healthy/68b3c76b-d08f-498d-bc5e-ddf54af4fd73___R.S_HL 8027 copy_final_masked.jpg,pd_non_corn,0.004369147,3.1988385,6.453841
19,/kaggle/input/datasets/abdallahalidev/plantvillage-dataset/segmented/Corn_(maize)___healthy/46277fc4-d989-4a82-ac74-719142e16f21___R.S_HL 7943 copy 2_final_masked.jpg,pd_non_corn,0.006212919,3.4500427,6.5132527
20,/kaggle/input/datasets/abdallahalidev/plantvillage-dataset/segmented/Corn_(maize)___healthy/026bd735-b9f4-4eab-86f3-23df15dbec95___R.S_HL 7938 copy_final_masked.jpg,pd_non_corn,0.0024689834,3.0928075,5.6992884
21,/kaggle/input/datasets/abdallahalidev/plantvillage-dataset/segmented/Corn_(maize)___healthy/be7c9d7f-2a89-4364-9173-76eecdd3d29e___R.S_HL 8298 copy_final_masked.jpg,pd_non_corn,0.0057254,3.207335,6.4200664
22,/kaggle/input/datasets/abdallahalidev/plantvillage-dataset/segmented/Corn_(maize)___healthy/235b7976-4626-4244-9ed9-add8dc171ee9___R.S_HL 8196 copy_final_masked.jpg,pd_non_corn,0.0052716974,3.199398,6.4200215
23,/kaggle/input/datasets/abdallahalidev/plantvillage-dataset/segmented/Corn_(maize)___healthy/a6180128-2b88-4e3e-8964-76186593e1ca___R.S_HL 8196 copy 2_final_masked.jpg,pd_non_corn,0.005215193,3.2308722,6.204769
24,/kaggle/input/datasets/abdallahalidev/plantvillage-dataset/segmented/Corn_(maize)___healthy/1b875461-1cca-41b8-bc3b-34b5940f33a8___R.S_HL 8036 copy 2_final_masked.jpg,pd_non_corn,0.011788931,3.4424787,6.432677
25,/kaggle/input/datasets/abdallahalidev/plantvillage-dataset/segmented/Corn_(maize)___healthy/0487da8b-736c-4310-82d2-fa8acf4aed07___R.S_HL 0646 copy 3_final_masked.jpg,pd_non_corn,0.0032178238,3.2006888,6.3735924
26,/kaggle/input/datasets/abdallahalidev/plantvillage-dataset/segmented/Corn_(maize)___healthy/8927572e-48ce-4933-a9f8-0a491d7b5bc2___R.S_HL 8310 copy_final_masked.jpg,pd_non_corn,0.003627902,3.0733523,6.0014057
27,/kaggle/input/datasets/abdallahalidev/plantvillage-dataset/segmented/Corn_(maize)___healthy/c5bb2153-fbb8-4394-a911-1fbe186cafe5___R.S_HL 8044 copy 2_final_masked.jpg,pd_non_corn,0.00368249,3.0405939,6.1717925
28,/kaggle/input/datasets/abdallahalidev/plantvillage-dataset/segmented/Corn_(maize)___healthy/295e7512-bcc4-4412-a786-424d66dd3980___R.S_HL 0596_final_masked.jpg,pd_non_corn,0.004139662,3.245905,6.4602313
29,/kaggle/input/datasets/abdallahalidev/plantvillage-dataset/segmented/Corn_(maize)___healthy/1383b6ed-14cc-4418-89ae-7262fc41771c___R.S_HL 7924 copy 2_final_masked.jpg,pd_non_corn,0.004268795,3.1793337,6.405323
30,/kaggle/input/datasets/abdallahalidev/plantvillage-dataset/segmented/Corn_(maize)___healthy/26f3cea7-cffe-4d2e-8e72-491a61653fb8___R.S_HL 0626 copy 3_final_masked.jpg,pd_non_corn,0.0033403854,3.0692139,5.9974837
31,/kaggle/input/datasets/abdallahalidev/plantvillage-dataset/segmented/Corn_(maize)___healthy/3d760d50-9c32-4532-b3a0-e56066a43ef1___R.S_HL 7891 copy_final_masked.jpg,pd_non_corn,0.0049466095,2.9850066,5.9887376
32,/kaggle/input/datasets/abdallahalidev/plantvillage-dataset/segmented/Corn_(maize)___healthy/363ba8b2-4b66-4caa-ae2c-df6523aa6da6___R.S_HL 8234 copy 2_final_masked.jpg,pd_non_corn,0.0029497854,3.3205447,6.471226
33,/kaggle/input/datasets/abdallahalidev/plantvillage-dataset/segmented/Corn_(maize)___healthy/0a2dec45-729b-4825-b814-a73d14e8c7fe___R.S_HL 8211 copy_final_masked.jpg,pd_non_corn,0.003311019,3.1173568,6.0495777
34,/kaggle/input/datasets/abdallahalidev/plantvillage-dataset/segmented/Corn_(maize)___healthy/80114b85-eb92-46f3-bf88-5befec2a72a5___R.S_HL 8181 copy 2_final_masked.jpg,pd_non_corn,0.007888307,3.1483655,6.0566864
35,/kaggle/input/datasets/abdallahalidev/plantvillage-dataset/segmented/Corn_(maize)___healthy/bc2d6546-a407-4353-b903-93c5b68bfa2a___R.S_HL 8254 copy_final_masked.jpg,pd_non_corn,0.0032437341,3.0354776,6.1453805
36,/kaggle/input/datasets/abdallahalidev/plantvillage-dataset/segmented/Corn_(maize)___healthy/d518aedb-9e6e-4567-bb79-1f019415d61c___R.S_HL 8010 copy_final_masked.jpg,pd_non_corn,0.00580117,3.3661299,7.877548
37,/kaggle/input/datasets/abdallahalidev/plantvillage-dataset/segmented/Corn_(maize)___healthy/7252dde0-c959-483b-a17e-5b3aac4100ab___R.S_HL 7995 copy_final_masked.jpg,pd_non_corn,0.0035586215,3.0564723,5.997887
38,/kaggle/input/datasets/abdallahalidev/plantvillage-dataset/segmented/Corn_(maize)___healthy/d0ed7e16-a6f5-403e-9b26-d0d9d74e1a32___R.S_HL 8004 copy_final_masked.jpg,pd_non_corn,0.0036090105,3.1486044,6.187501
39,/kaggle/input/datasets/abdallahalidev/plantvillage-dataset/segmented/Corn_(maize)___healthy/1003bded-8167-4819-a1d8-627449fe7781___R.S_HL 7991 copy 2_final_masked.jpg,pd_non_corn,0.0036258807,3.043974,6.180138
40,/kaggle/input/datasets/abdallahalidev/plantvillage-dataset/segmented/Corn_(maize)___healthy/854c7bc4-5439-432a-8131-4e37bcb660b3___R.S_HL 7964 copy_final_masked.jpg,pd_non_corn,0.034325775,3.6747441,7.586328
41,/kaggle/input/datasets/abdallahalidev/plantvillage-dataset/segmented/Corn_(maize)___healthy/9822967e-a218-48cd-9c31-632481bb8091___R.S_HL 8008 copy 3_final_masked.jpg,pd_non_corn,0.004558971,3.1777174,6.542361
42,/kaggle/input/datasets/abdallahalidev/plantvillage-dataset/segmented/Corn_(maize)___healthy/e905b0c6-95c0-446b-a2b0-c49d66704923___R.S_HL 0634 copy 3_final_masked.jpg,pd_non_corn,0.007973033,3.36461,7.988798
43,/kaggle/input/datasets/abdallahalidev/plantvillage-dataset/segmented/Corn_(maize)___healthy/d81b52fe-50d6-460b-88c0-64392ffdc901___R.S_HL 8054 copy_final_masked.jpg,pd_non_corn,0.0030172574,3.0046144,6.0365524
44,/kaggle/input/datasets/abdallahalidev/plantvillage-dataset/segmented/Corn_(maize)___healthy/59f7744f-c282-416c-8387-cdbbb195cd4f___R.S_HL 7928 copy_final_masked.jpg,pd_non_corn,0.005430362,3.1777146,6.2136526
45,/kaggle/input/datasets/abdallahalidev/plantvillage-dataset/segmented/Corn_(maize)___healthy/ed1a380e-aee9-46db-b967-93f25bbfdbff___R.S_HL 7961 copy_final_masked.jpg,pd_non_corn,0.0018911818,2.9753563,5.855343
46,/kaggle/input/datasets/abdallahalidev/plantvillage-dataset/segmented/Corn_(maize)___healthy/feddfdfa-14e3-4919-a527-814888364871___R.S_HL 5530 copy_final_masked.jpg,pd_non_corn,0.004269971,3.1316788,6.65599
47,/kaggle/input/datasets/abdallahalidev/plantvillage-dataset/segmented/Corn_(maize)___healthy/88d705bb-1928-4323-9258-77ac3c2183ea___R.S_HL 8045 copy_final_masked.jpg,pd_non_corn,0.0058445297,3.1373792,6.675031
48,/kaggle/input/datasets/abdallahalidev/plantvillage-dataset/segmented/Corn_(maize)___healthy/06ec8081-1520-43e3-bda7-d74467f55992___R.S_HL 7935 copy_final_masked.jpg,pd_non_corn,0.0018903551,3.0157006,5.9511967
49,/kaggle/input/datasets/abdallahalidev/plantvillage-dataset/segmented/Corn_(maize)___healthy/aeb277f0-d22a-4c97-b9ba-4cd7f8c9f716___R.S_HL 8271 copy 2_final_masked.jpg,pd_non_corn,0.0037743282,3.099921,6.0366054
50,/kaggle/input/datasets/abdallahalidev/plantvillage-dataset/segmented/Corn_(maize)___healthy/e55e0dbd-5b63-463f-8556-ae18f1e50f7e___R.S_HL 8222 copy 2_final_masked.jpg,pd_non_corn,0.005935842,3.0709682,6.254979
51,/kaggle/input/datasets/abdallahalidev/plantvillage-dataset/segmented/Corn_(maize)___healthy/bda90983-a55a-40d2-bcbc-f2279e82d937___R.S_HL 8320 copy_final_masked.jpg,pd_non_corn,0.0024883389,3.124567,5.8720155
52,/kaggle/input/datasets/abdallahalidev/plantvillage-dataset/segmented/Corn_(maize)___healthy/f3102f6c-af30-41a5-80b7-fcfa86635651___R.S_HL 8324 copy 2_final_masked.jpg,pd_non_corn,0.002387991,3.3123772,6.5279927
53,/kaggle/input/datasets/abdallahalidev/plantvillage-dataset/segmented/Corn_(maize)___healthy/d8a72016-5579-43da-841b-d13030eaae6d___R.S_HL 7968 copy_final_masked.jpg,pd_non_corn,0.0043688416,3.1872482,6.466575
54,/kaggle/input/datasets/abdallahalidev/plantvillage-dataset/segmented/Corn_(maize)___healthy/e83663a8-93f0-470c-8f43-7366bb3d8233___R.S_HL 7908 copy 2_final_masked.jpg,pd_non_corn,0.006171163,3.4713552,7.2419806
55,/kaggle/input/datasets/abdallahalidev/plantvillage-dataset/segmented/Corn_(maize)___healthy/b5f20d48-e6ab-401c-81b4-58e5147576b3___R.S_HL 8141 copy 2_final_masked.jpg,pd_non_corn,0.002630595,3.0662673,5.92073
56,/kaggle/input/datasets/abdallahalidev/plantvillage-dataset/segmented/Corn_(maize)___healthy/a5964bbc-97ad-4ee7-a5e4-2463d49b2d5a___R.S_HL 8214 copy 2_final_masked.jpg,pd_non_corn,0.0038456912,3.1286643,6.300973
57,/kaggle/input/datasets/abdallahalidev/plantvillage-dataset/segmented/Corn_(maize)___healthy/e42a64c8-fb93-47b0-bd2a-33ce669d13e2___R.S_HL 8149 copy_final_masked.jpg,pd_non_corn,0.004533781,3.488077,6.7891593
58,/kaggle/input/datasets/abdallahalidev/plantvillage-dataset/segmented/Corn_(maize)___healthy/0f16ec85-220f-4b3f-8a89-6e463676c8b0___R.S_HL 8013 copy 2_final_masked.jpg,pd_non_corn,0.0023413214,2.9042892,5.1216254
59,/kaggle/input/datasets/abdallahalidev/plantvillage-dataset/segmented/Corn_(maize)___healthy/4ea4d667-2e5d-4440-83ee-5b0d68217272___R.S_HL 0651 copy 3_final_masked.jpg,pd_non_corn,0.0035309005,3.187244,6.367869
60,/kaggle/input/datasets/abdallahalidev/plantvillage-dataset/segmented/Corn_(maize)___healthy/21380f6b-1ccb-4aa3-9cf6-af8d85b8925e___R.S_HL 8340 copy_final_masked.jpg,pd_non_corn,0.006925389,3.3957736,6.67536
61,/kaggle/input/datasets/abdallahalidev/plantvillage-dataset/segmented/Corn_(maize)___healthy/d94448c4-ba78-4793-bd14-5d90e531e260___R.S_HL 7903 copy_final_masked.jpg,pd_non_corn,0.0058515007,3.1671295,6.128901
62,/kaggle/input/datasets/abdallahalidev/plantvillage-dataset/segmented/Corn_(maize)___healthy/703c143f-5b27-4dc5-8a0f-70e29ee1cd85___R.S_HL 7957 copy 2_final_masked.jpg,pd_non_corn,0.0047759786,3.0001855,5.953017
63,/kaggle/input/datasets/abdallahalidev/plantvillage-dataset/segmented/Corn_(maize)___healthy/4a6aa530-32c7-49fe-a18b-a069bc49073d___R.S_HL 8304 copy_final_masked.jpg,pd_non_corn,0.00626306,3.0976505,6.2930083
64,/kaggle/input/datasets/abdallahalidev/plantvillage-dataset/segmented/Corn_(maize)___healthy/92487305-9d20-46f4-addb-4f50b77e08b8___R.S_HL 8178 copy_final_masked.jpg,pd_non_corn,0.00469256,3.1482162,6.521739
65,/kaggle/input/datasets/abdallahalidev/plantvillage-dataset/segmented/Corn_(maize)___healthy/faab655c-70a6-4888-9a14-48a4bfedc46e___R.S_HL 5556 copy_final_masked.jpg,pd_non_corn,0.0051081376,3.4782867,6.92261
66,/kaggle/input/datasets/abdallahalidev/plantvillage-dataset/segmented/Corn_(maize)___healthy/ac697b79-40fa-4d91-91e6-775982de76e5___R.S_HL 5507 copy 2_final_masked.jpg,pd_non_corn,0.0070644766,3.3955917,6.9937215
67,/kaggle/input/datasets/abdallahalidev/plantvillage-dataset/segmented/Corn_(maize)___healthy/1d424e91-e89b-4cf8-a0e9-48fc345cb9c4___R.S_HL 8299 copy_final_masked.jpg,pd_non_corn,0.004093369,3.3267908,6.746821
68,/kaggle/input/datasets/abdallahalidev/plantvillage-dataset/segmented/Corn_(maize)___healthy/c9df4a59-99bf-479e-a3dd-7aef4c6706a5___R.S_HL 8211 copy 2_final_masked.jpg,pd_non_corn,0.004062247,3.1581452,6.129403
69,/kaggle/input/datasets/abdallahalidev/plantvillage-dataset/segmented/Corn_(maize)___healthy/aad5f376-fca2-4eed-8174-b9bc86654441___R.S_HL 0629 copy 2_final_masked.jpg,pd_non_corn,0.0048564654,3.1697347,6.9370627
70,/kaggle/input/datasets/abdallahalidev/plantvillage-dataset/segmented/Corn_(maize)___healthy/937045bf-b8e0-4bc1-b630-34b683a23cda___R.S_HL 5554 copy_final_masked.jpg,pd_non_corn,0.0051742177,3.198559,6.423863
71,/kaggle/input/datasets/abdallahalidev/plantvillage-dataset/segmented/Corn_(maize)___healthy/0809c606-2a44-4c38-be5b-6321859d8829___R.S_HL 8137 copy_final_masked.jpg,pd_non_corn,0.0028802543,2.9926844,5.7653317
72,/kaggle/input/datasets/abdallahalidev/plantvillage-dataset/segmented/Corn_(maize)___healthy/51f761a5-df28-4a44-bb1c-abd0ac8fe3f9___R.S_HL 7894 copy 2_final_masked.jpg,pd_non_corn,0.0028265675,3.0739684,6.055729
73,/kaggle/input/datasets/abdallahalidev/plantvillage-dataset/segmented/Corn_(maize)___healthy/23e5ca0e-c7c3-4b27-b3b7-a0bb4ecbe177___R.S_HL 8245 copy_final_masked.jpg,pd_non_corn,0.0035772552,3.049124,6.3607078
74,/kaggle/input/datasets/abdallahalidev/plantvillage-dataset/segmented/Corn_(maize)___healthy/a00ac760-e369-4945-a88d-298aff55e014___R.S_HL 8124 copy_final_masked.jpg,pd_non_corn,0.004576722,3.1309338,6.4137945
75,/kaggle/input/datasets/abdallahalidev/plantvillage-dataset/segmented/Corn_(maize)___healthy/06f252bb-2ceb-4ca3-a25b-3c8016ee7ee8___R.S_HL 5498 copy 2_final_masked.jpg,pd_non_corn,0.013683016,3.5758972,7.2977157
76,/kaggle/input/datasets/abdallahalidev/plantvillage-dataset/segmented/Corn_(maize)___healthy/9bf79f09-b182-4092-b4a7-b1a00830ecfc___R.S_HL 0627 copy_final_masked.jpg,pd_non_corn,0.0041412273,3.0902996,6.629067
77,/kaggle/input/datasets/abdallahalidev/plantvillage-dataset/segmented/Corn_(maize)___healthy/62d6481b-2d3f-4998-83f9-7071b5fd9446___R.S_HL 8290 copy_final_masked.jpg,pd_non_corn,0.0043100333,3.0875244,5.9219832
78,/kaggle/input/datasets/abdallahalidev/plantvillage-dataset/segmented/Corn_(maize)___healthy/b0a8752f-204b-4282-ac8e-5f3667beb7c3___R.S_HL 8265 copy 2_final_masked.jpg,pd_non_corn,0.0061153783,3.4722102,6.7927027
79,/kaggle/input/datasets/abdallahalidev/plantvillage-dataset/segmented/Corn_(maize)___healthy/f04a787c-6669-4a8e-8b8c-5d01d46ca724___R.S_HL 8105 copy_final_masked.jpg,pd_non_corn,0.004175969,3.4051971,6.539254
80,/kaggle/input/datasets/abdallahalidev/plantvillage-dataset/segmented/Corn_(maize)___healthy/e07b298d-7dff-4297-a884-06c20a77e453___R.S_HL 5503 copy 2_final_masked.jpg,pd_non_corn,0.0064989305,3.418422,6.6890006
81,/kaggle/input/datasets/abdallahalidev/plantvillage-dataset/segmented/Corn_(maize)___healthy/185137c7-4f0b-4c82-81af-97a710c89e0b___R.S_HL 7962 copy_final_masked.jpg,pd_non_corn,0.0037130108,2.96555,5.8500133
82,/kaggle/input/datasets/abdallahalidev/plantvillage-dataset/segmented/Corn_(maize)___healthy/7d9bd969-4031-45d2-b07a-26020da47471___R.S_HL 7924 copy_final_masked.jpg,pd_non_corn,0.010250837,3.2135744,6.925831
83,/kaggle/input/datasets/abdallahalidev/plantvillage-dataset/segmented/Corn_(maize)___healthy/dcf1eb1d-f35f-4dfe-9f07-028ddf3abbc3___R.S_HL 8293 copy 2_final_masked.jpg,pd_non_corn,0.004441372,3.1570847,6.109563
84,/kaggle/input/datasets/abdallahalidev/plantvillage-dataset/segmented/Corn_(maize)___healthy/642c6d64-e53b-4d7b-951a-d00aaf805c32___R.S_HL 8213 copy_final_masked.jpg,pd_non_corn,0.0050495113,3.1226115,6.3316336
85,/kaggle/input/datasets/abdallahalidev/plantvillage-dataset/segmented/Corn_(maize)___healthy/f60d1557-0903-41b0-a640-be7f4353636a___R.S_HL 8345 copy 2_final_masked.jpg,pd_non_corn,0.006573528,3.1812923,6.4682975
86,/kaggle/input/datasets/abdallahalidev/plantvillage-dataset/segmented/Corn_(maize)___healthy/d82d7716-06d0-4309-8a57-ce73370ddad7___R.S_HL 8308 copy 2_final_masked.jpg,pd_non_corn,0.0037198532,3.0481734,6.0242724
87,/kaggle/input/datasets/abdallahalidev/plantvillage-dataset/segmented/Corn_(maize)___healthy/4d96707c-8202-40cb-a6bf-c2ccce2dded0___R.S_HL 8081 copy_final_masked.jpg,pd_non_corn,0.0069846464,3.3997135,7.168443
88,/kaggle/input/datasets/abdallahalidev/plantvillage-dataset/segmented/Corn_(maize)___healthy/4217406b-4bdc-4484-9670-c0c350d854bd___R.S_HL 7976 copy 2_final_masked.jpg,pd_non_corn,0.007596457,3.2350779,6.3987327
89,/kaggle/input/datasets/abdallahalidev/plantvillage-dataset/segmented/Corn_(maize)___healthy/c3479d2a-e11f-4b3d-8152-930ae6e24d5c___R.S_HL 7904 copy_final_masked.jpg,pd_non_corn,0.0040444224,3.09945,5.9100223
90,/kaggle/input/datasets/abdallahalidev/plantvillage-dataset/segmented/Corn_(maize)___healthy/a694e61f-3a63-40ac-9a31-66732cf9921d___R.S_HL 8116 copy 2_final_masked.jpg,pd_non_corn,0.0055624247,3.1569207,6.0112934
91,/kaggle/input/datasets/abdallahalidev/plantvillage-dataset/segmented/Corn_(maize)___healthy/cb88517b-a05a-410c-aac7-ba6d54fb8e56___R.S_HL 8030 copy 2_final_masked.jpg,pd_non_corn,0.005431877,3.181714,6.5257454
92,/kaggle/input/datasets/abdallahalidev/plantvillage-dataset/segmented/Corn_(maize)___healthy/139db478-1c5e-4749-9b14-885376bfd8e3___R.S_HL 5493 copy 3_final_masked.jpg,pd_non_corn,0.0050242767,3.4424946,6.968583
93,/kaggle/input/datasets/abdallahalidev/plantvillage-dataset/segmented/Corn_(maize)___healthy/0630fcdc-33c1-478b-882f-07da48cf8002___R.S_HL 8026 copy_final_masked.jpg,pd_non_corn,0.017562196,3.507066,8.149774
94,/kaggle/input/datasets/abdallahalidev/plantvillage-dataset/segmented/Corn_(maize)___healthy/3a50230b-09b4-4d82-9df7-1ae4b2945464___R.S_HL 8317 copy 2_final_masked.jpg,pd_non_corn,0.0061693676,3.0096123,6.3155565
95,/kaggle/input/datasets/abdallahalidev/plantvillage-dataset/segmented/Corn_(maize)___healthy/c9c333a8-30ed-4163-adf1-c65379dac7ac___R.S_HL 7907 copy 3_final_masked.jpg,pd_non_corn,0.0076665184,3.252457,6.724923
96,/kaggle/input/datasets/abdallahalidev/plantvillage-dataset/segmented/Corn_(maize)___healthy/53ed74e8-9420-429f-8f49-ad5c40eed3a7___R.S_HL 7944 copy 2_final_masked.jpg,pd_non_corn,0.0040660244,3.2727823,6.7036386
97,/kaggle/input/datasets/abdallahalidev/plantvillage-dataset/segmented/Corn_(maize)___healthy/6cc79c8d-90b8-4343-94da-98c8edc968e3___R.S_HL 5553 copy_final_masked.jpg,pd_non_corn,0.0041272026,3.289441,7.74553
98,/kaggle/input/datasets/abdallahalidev/plantvillage-dataset/segmented/Corn_(maize)___healthy/7586c29e-a9dd-4f71-8358-b465df203a53___R.S_HL 0646 copy_final_masked.jpg,pd_non_corn,0.0059247734,3.2065623,6.485029
99,/kaggle/input/datasets/abdallahalidev/plantvillage-dataset/segmented/Corn_(maize)___healthy/b64f0fd8-4000-4675-81f9-e692a477a3ac___R.S_HL 8067 copy 2_final_masked.jpg,pd_non_corn,0.0035780817,3.056287,5.859272
0,/kaggle/input/datasets/abdallahalidev/plantvillage-dataset/segmented/Corn_(maize)___healthy/161c4466-80c0-49b0-8d4d-b583c4c961b6___R.S_HL 0646 copy 5_final_masked.jpg,pd_corn_disease,0.0034562387,3.1409414,6.320782
1,/kaggle/input/datasets/abdallahalidev/plantvillage-dataset/segmented/Corn_(maize)___healthy/74a4c1f4-26e2-4861-bcc8-16d26f215387___R.S_HL 8300 copy 2_final_masked.jpg,pd_corn_disease,0.0030206568,3.031108,5.7892604
2,/kaggle/input/datasets/abdallahalidev/plantvillage-dataset/segmented/Corn_(maize)___healthy/22e495d5-0daa-4cf6-8555-61f26d091b66___R.S_HL 8061 copy_final_masked.jpg,pd_corn_disease,0.005397059,3.2795472,6.637391
3,/kaggle/input/datasets/abdallahalidev/plantvillage-dataset/segmented/Corn_(maize)___healthy/b1565e81-b8c3-4ba3-8b57-94395f82a3f2___R.S_HL 0595 copy 2_final_masked.jpg,pd_corn_disease,0.005228906,3.181866,6.67214
4,/kaggle/input/datasets/abdallahalidev/plantvillage-dataset/segmented/Corn_(maize)___healthy/7377ca1f-38a7-4b2e-a53a-05483fb319e6___R.S_HL 7940 copy_final_masked.jpg,pd_corn_disease,0.0071474407,3.2210805,6.547018
5,/kaggle/input/datasets/abdallahalidev/plantvillage-dataset/segmented/Corn_(maize)___healthy/2c52d7ed-d259-4ce3-b38a-9ecdb86b7e85___R.S_HL 8065 copy_final_masked.jpg,pd_corn_disease,0.006402164,3.1654544,6.4994993
6,/kaggle/input/datasets/abdallahalidev/plantvillage-dataset/segmented/Corn_(maize)___healthy/10416d7b-f426-40c0-8661-72d359e51d15___R.S_HL 8328 copy 2_final_masked.jpg,pd_corn_disease,0.003126417,3.1466405,5.9419565
7,/kaggle/input/datasets/abdallahalidev/plantvillage-dataset/segmented/Corn_(maize)___healthy/a69fb110-6abc-4025-b22a-9ce26e02a4e4___R.S_HL 7961 copy 3_final_masked.jpg,pd_corn_disease,0.0052841394,3.096152,6.0653205
8,/kaggle/input/datasets/abdallahalidev/plantvillage-dataset/segmented/Corn_(maize)___healthy/f21eae95-ba11-4eeb-bd33-e003535bbaea___R.S_HL 8164 copy_final_masked.jpg,pd_corn_disease,0.0028114484,3.069253,5.987093
9,/kaggle/input/datasets/abdallahalidev/plantvillage-dataset/segmented/Corn_(maize)___healthy/fe301311-6c07-49d8-933a-aa10287b205e___R.S_HL 8220 copy 4_final_masked.jpg,pd_corn_disease,0.006489709,3.2240555,6.533008
10,/kaggle/input/datasets/abdallahalidev/plantvillage-dataset/segmented/Corn_(maize)___healthy/90548ed6-1573-4a72-9f60-6188a1fbd2ff___R.S_HL 8150 copy_final_masked.jpg,pd_corn_disease,0.0031749494,3.0571008,5.9776855
11,/kaggle/input/datasets/abdallahalidev/plantvillage-dataset/segmented/Corn_(maize)___healthy/960290a7-64f3-4d17-88b2-de8772c5810b___R.S_HL 5509 copy_final_masked.jpg,pd_corn_disease,0.004831335,3.2024314,6.4818025
12,/kaggle/input/datasets/abdallahalidev/plantvillage-dataset/segmented/Corn_(maize)___healthy/16123a33-12e5-414e-9ae0-695b86e6cb3a___R.S_HL 8136 copy_final_masked.jpg,pd_corn_disease,0.009116508,3.2154493,5.766169
13,/kaggle/input/datasets/abdallahalidev/plantvillage-dataset/segmented/Corn_(maize)___healthy/44f2a3c4-6e69-40d8-9aec-ba79a37a767d___R.S_HL 5529 copy_final_masked.jpg,pd_corn_disease,0.0054584667,3.2692578,6.4765215
14,/kaggle/input/datasets/abdallahalidev/plantvillage-dataset/segmented/Corn_(maize)___healthy/3a668261-388a-45c1-8a8e-584cb3966bf0___R.S_HL 8071 copy_final_masked.jpg,pd_corn_disease,0.0026707496,2.9172742,5.397254
15,/kaggle/input/datasets/abdallahalidev/plantvillage-dataset/segmented/Corn_(maize)___healthy/93cdde3d-f06f-4fdd-8dfa-1b889cab8044___R.S_HL 0619 copy_final_masked.jpg,pd_corn_disease,0.0049065724,3.2819164,6.4662657
16,/kaggle/input/datasets/abdallahalidev/plantvillage-dataset/segmented/Corn_(maize)___healthy/fdcf2bae-41a2-4c83-897f-31dd0b4e540c___R.S_HL 8225 copy 2_final_masked.jpg,pd_corn_disease,0.0027589016,3.0728803,5.9044213
17,/kaggle/input/datasets/abdallahalidev/plantvillage-dataset/segmented/Corn_(maize)___healthy/91efc716-495f-4292-a29d-0819af024515___R.S_HL 8009 copy_final_masked.jpg,pd_corn_disease,0.008639912,3.1539648,6.662926
18,/kaggle/input/datasets/abdallahalidev/plantvillage-dataset/segmented/Corn_(maize)___healthy/68b3c76b-d08f-498d-bc5e-ddf54af4fd73___R.S_HL 8027 copy_final_masked.jpg,pd_corn_disease,0.0027668122,2.8793821,5.3054657
19,/kaggle/input/datasets/abdallahalidev/plantvillage-dataset/segmented/Corn_(maize)___healthy/46277fc4-d989-4a82-ac74-719142e16f21___R.S_HL 7943 copy 2_final_masked.jpg,pd_corn_disease,0.004051512,3.2241795,6.481905
20,/kaggle/input/datasets/abdallahalidev/plantvillage-dataset/segmented/Corn_(maize)___healthy/026bd735-b9f4-4eab-86f3-23df15dbec95___R.S_HL 7938 copy_final_masked.jpg,pd_corn_disease,0.0046889535,3.0201614,5.6537457
21,/kaggle/input/datasets/abdallahalidev/plantvillage-dataset/segmented/Corn_(maize)___healthy/be7c9d7f-2a89-4364-9173-76eecdd3d29e___R.S_HL 8298 copy_final_masked.jpg,pd_corn_disease,0.0048872773,3.0846562,6.2110844
22,/kaggle/input/datasets/abdallahalidev/plantvillage-dataset/segmented/Corn_(maize)___healthy/235b7976-4626-4244-9ed9-add8dc171ee9___R.S_HL 8196 copy_final_masked.jpg,pd_corn_disease,0.007538466,3.4491143,6.7900786
23,/kaggle/input/datasets/abdallahalidev/plantvillage-dataset/segmented/Corn_(maize)___healthy/a6180128-2b88-4e3e-8964-76186593e1ca___R.S_HL 8196 copy 2_final_masked.jpg,pd_corn_disease,0.0029633986,3.0878475,5.9628158
24,/kaggle/input/datasets/abdallahalidev/plantvillage-dataset/segmented/Corn_(maize)___healthy/1b875461-1cca-41b8-bc3b-34b5940f33a8___R.S_HL 8036 copy 2_final_masked.jpg,pd_corn_disease,0.008734139,3.3344738,6.958415
25,/kaggle/input/datasets/abdallahalidev/plantvillage-dataset/segmented/Corn_(maize)___healthy/0487da8b-736c-4310-82d2-fa8acf4aed07___R.S_HL 0646 copy 3_final_masked.jpg,pd_corn_disease,0.0044120494,3.2190728,6.4724874
26,/kaggle/input/datasets/abdallahalidev/plantvillage-dataset/segmented/Corn_(maize)___healthy/8927572e-48ce-4933-a9f8-0a491d7b5bc2___R.S_HL 8310 copy_final_masked.jpg,pd_corn_disease,0.0041928845,3.2630315,6.4299235
27,/kaggle/input/datasets/abdallahalidev/plantvillage-dataset/segmented/Corn_(maize)___healthy/c5bb2153-fbb8-4394-a911-1fbe186cafe5___R.S_HL 8044 copy 2_final_masked.jpg,pd_corn_disease,0.002792047,3.0805619,5.7746058
28,/kaggle/input/datasets/abdallahalidev/plantvillage-dataset/segmented/Corn_(maize)___healthy/295e7512-bcc4-4412-a786-424d66dd3980___R.S_HL 0596_final_masked.jpg,pd_corn_disease,0.0030179727,3.1528506,6.025865
29,/kaggle/input/datasets/abdallahalidev/plantvillage-dataset/segmented/Corn_(maize)___healthy/1383b6ed-14cc-4418-89ae-7262fc41771c___R.S_HL 7924 copy 2_final_masked.jpg,pd_corn_disease,0.0029901727,3.132616,6.320914
30,/kaggle/input/datasets/abdallahalidev/plantvillage-dataset/segmented/Corn_(maize)___healthy/26f3cea7-cffe-4d2e-8e72-491a61653fb8___R.S_HL 0626 copy 3_final_masked.jpg,pd_corn_disease,0.0019994932,2.770041,5.280313
31,/kaggle/input/datasets/abdallahalidev/plantvillage-dataset/segmented/Corn_(maize)___healthy/3d760d50-9c32-4532-b3a0-e56066a43ef1___R.S_HL 7891 copy_final_masked.jpg,pd_corn_disease,0.007846989,3.185731,6.43814
32,/kaggle/input/datasets/abdallahalidev/plantvillage-dataset/segmented/Corn_(maize)___healthy/363ba8b2-4b66-4caa-ae2c-df6523aa6da6___R.S_HL 8234 copy 2_final_masked.jpg,pd_corn_disease,0.0033207457,3.1464908,6.3852
33,/kaggle/input/datasets/abdallahalidev/plantvillage-dataset/segmented/Corn_(maize)___healthy/0a2dec45-729b-4825-b814-a73d14e8c7fe___R.S_HL 8211 copy_final_masked.jpg,pd_corn_disease,0.0051111057,3.0974019,6.1126637
34,/kaggle/input/datasets/abdallahalidev/plantvillage-dataset/segmented/Corn_(maize)___healthy/80114b85-eb92-46f3-bf88-5befec2a72a5___R.S_HL 8181 copy 2_final_masked.jpg,pd_corn_disease,0.0052110218,3.1074119,6.189404
35,/kaggle/input/datasets/abdallahalidev/plantvillage-dataset/segmented/Corn_(maize)___healthy/bc2d6546-a407-4353-b903-93c5b68bfa2a___R.S_HL 8254 copy_final_masked.jpg,pd_corn_disease,0.0058531105,3.094401,6.197957
36,/kaggle/input/datasets/abdallahalidev/plantvillage-dataset/segmented/Corn_(maize)___healthy/d518aedb-9e6e-4567-bb79-1f019415d61c___R.S_HL 8010 copy_final_masked.jpg,pd_corn_disease,0.0042160307,3.1567729,6.0748014
37,/kaggle/input/datasets/abdallahalidev/plantvillage-dataset/segmented/Corn_(maize)___healthy/7252dde0-c959-483b-a17e-5b3aac4100ab___R.S_HL 7995 copy_final_masked.jpg,pd_corn_disease,0.002244884,3.021733,5.9646406
38,/kaggle/input/datasets/abdallahalidev/plantvillage-dataset/segmented/Corn_(maize)___healthy/d0ed7e16-a6f5-403e-9b26-d0d9d74e1a32___R.S_HL 8004 copy_final_masked.jpg,pd_corn_disease,0.002352138,3.094527,6.0225554
39,/kaggle/input/datasets/abdallahalidev/plantvillage-dataset/segmented/Corn_(maize)___healthy/1003bded-8167-4819-a1d8-627449fe7781___R.S_HL 7991 copy 2_final_masked.jpg,pd_corn_disease,0.0025342412,3.1943054,6.19666
40,/kaggle/input/datasets/abdallahalidev/plantvillage-dataset/segmented/Corn_(maize)___healthy/854c7bc4-5439-432a-8131-4e37bcb660b3___R.S_HL 7964 copy_final_masked.jpg,pd_corn_disease,0.0041606342,3.0589654,6.172342
41,/kaggle/input/datasets/abdallahalidev/plantvillage-dataset/segmented/Corn_(maize)___healthy/9822967e-a218-48cd-9c31-632481bb8091___R.S_HL 8008 copy 3_final_masked.jpg,pd_corn_disease,0.002909541,2.9356709,5.598036
42,/kaggle/input/datasets/abdallahalidev/plantvillage-dataset/segmented/Corn_(maize)___healthy/e905b0c6-95c0-446b-a2b0-c49d66704923___R.S_HL 0634 copy 3_final_masked.jpg,pd_corn_disease,0.003861561,3.309349,6.5245795
43,/kaggle/input/datasets/abdallahalidev/plantvillage-dataset/segmented/Corn_(maize)___healthy/d81b52fe-50d6-460b-88c0-64392ffdc901___R.S_HL 8054 copy_final_masked.jpg,pd_corn_disease,0.005073305,3.127475,6.1582327
44,/kaggle/input/datasets/abdallahalidev/plantvillage-dataset/segmented/Corn_(maize)___healthy/59f7744f-c282-416c-8387-cdbbb195cd4f___R.S_HL 7928 copy_final_masked.jpg,pd_corn_disease,0.003669081,3.1641228,6.1062546
45,/kaggle/input/datasets/abdallahalidev/plantvillage-dataset/segmented/Corn_(maize)___healthy/ed1a380e-aee9-46db-b967-93f25bbfdbff___R.S_HL 7961 copy_final_masked.jpg,pd_corn_disease,0.0021349695,3.1062167,6.0271425
46,/kaggle/input/datasets/abdallahalidev/plantvillage-dataset/segmented/Corn_(maize)___healthy/feddfdfa-14e3-4919-a527-814888364871___R.S_HL 5530 copy_final_masked.jpg,pd_corn_disease,0.006762162,3.396494,6.660259
47,/kaggle/input/datasets/abdallahalidev/plantvillage-dataset/segmented/Corn_(maize)___healthy/88d705bb-1928-4323-9258-77ac3c2183ea___R.S_HL 8045 copy_final_masked.jpg,pd_corn_disease,0.0056494116,3.1967518,6.3381085
48,/kaggle/input/datasets/abdallahalidev/plantvillage-dataset/segmented/Corn_(maize)___healthy/06ec8081-1520-43e3-bda7-d74467f55992___R.S_HL 7935 copy_final_masked.jpg,pd_corn_disease,0.0051794085,3.1413085,6.1026554
49,/kaggle/input/datasets/abdallahalidev/plantvillage-dataset/segmented/Corn_(maize)___healthy/aeb277f0-d22a-4c97-b9ba-4cd7f8c9f716___R.S_HL 8271 copy 2_final_masked.jpg,pd_corn_disease,0.0037007413,3.0415008,5.9978995
50,/kaggle/input/datasets/abdallahalidev/plantvillage-dataset/segmented/Corn_(maize)___healthy/e55e0dbd-5b63-463f-8556-ae18f1e50f7e___R.S_HL 8222 copy 2_final_masked.jpg,pd_corn_disease,0.0088848295,3.3353884,6.842428
51,/kaggle/input/datasets/abdallahalidev/plantvillage-dataset/segmented/Corn_(maize)___healthy/bda90983-a55a-40d2-bcbc-f2279e82d937___R.S_HL 8320 copy_final_masked.jpg,pd_corn_disease,0.002388346,2.9745576,5.8998375
52,/kaggle/input/datasets/abdallahalidev/plantvillage-dataset/segmented/Corn_(maize)___healthy/f3102f6c-af30-41a5-80b7-fcfa86635651___R.S_HL 8324 copy 2_final_masked.jpg,pd_corn_disease,0.006241375,3.098751,6.2224903
53,/kaggle/input/datasets/abdallahalidev/plantvillage-dataset/segmented/Corn_(maize)___healthy/d8a72016-5579-43da-841b-d13030eaae6d___R.S_HL 7968 copy_final_masked.jpg,pd_corn_disease,0.0027259504,2.943735,5.4940743
54,/kaggle/input/datasets/abdallahalidev/plantvillage-dataset/segmented/Corn_(maize)___healthy/e83663a8-93f0-470c-8f43-7366bb3d8233___R.S_HL 7908 copy 2_final_masked.jpg,pd_corn_disease,0.0026119798,2.9403915,5.6291466
55,/kaggle/input/datasets/abdallahalidev/plantvillage-dataset/segmented/Corn_(maize)___healthy/b5f20d48-e6ab-401c-81b4-58e5147576b3___R.S_HL 8141 copy 2_final_masked.jpg,pd_corn_disease,0.008852655,3.369268,6.7017665
56,/kaggle/input/datasets/abdallahalidev/plantvillage-dataset/segmented/Corn_(maize)___healthy/a5964bbc-97ad-4ee7-a5e4-2463d49b2d5a___R.S_HL 8214 copy 2_final_masked.jpg,pd_corn_disease,0.003774831,3.1561778,6.5656166
57,/kaggle/input/datasets/abdallahalidev/plantvillage-dataset/segmented/Corn_(maize)___healthy/e42a64c8-fb93-47b0-bd2a-33ce669d13e2___R.S_HL 8149 copy_final_masked.jpg,pd_corn_disease,0.005261199,3.259352,6.1501565
58,/kaggle/input/datasets/abdallahalidev/plantvillage-dataset/segmented/Corn_(maize)___healthy/0f16ec85-220f-4b3f-8a89-6e463676c8b0___R.S_HL 8013 copy 2_final_masked.jpg,pd_corn_disease,0.0031264597,3.0461276,6.005728
59,/kaggle/input/datasets/abdallahalidev/plantvillage-dataset/segmented/Corn_(maize)___healthy/4ea4d667-2e5d-4440-83ee-5b0d68217272___R.S_HL 0651 copy 3_final_masked.jpg,pd_corn_disease,0.006104436,3.1994908,6.5575886
60,/kaggle/input/datasets/abdallahalidev/plantvillage-dataset/segmented/Corn_(maize)___healthy/21380f6b-1ccb-4aa3-9cf6-af8d85b8925e___R.S_HL 8340 copy_final_masked.jpg,pd_corn_disease,0.003189339,3.1440654,5.959374
61,/kaggle/input/datasets/abdallahalidev/plantvillage-dataset/segmented/Corn_(maize)___healthy/d94448c4-ba78-4793-bd14-5d90e531e260___R.S_HL 7903 copy_final_masked.jpg,pd_corn_disease,0.0061768494,3.2281113,5.733396
62,/kaggle/input/datasets/abdallahalidev/plantvillage-dataset/segmented/Corn_(maize)___healthy/703c143f-5b27-4dc5-8a0f-70e29ee1cd85___R.S_HL 7957 copy 2_final_masked.jpg,pd_corn_disease,0.004394406,3.256953,6.436577
63,/kaggle/input/datasets/abdallahalidev/plantvillage-dataset/segmented/Corn_(maize)___healthy/4a6aa530-32c7-49fe-a18b-a069bc49073d___R.S_HL 8304 copy_final_masked.jpg,pd_corn_disease,0.0065235,3.3105342,6.3893166
64,/kaggle/input/datasets/abdallahalidev/plantvillage-dataset/segmented/Corn_(maize)___healthy/92487305-9d20-46f4-addb-4f50b77e08b8___R.S_HL 8178 copy_final_masked.jpg,pd_corn_disease,0.0029647364,3.1321495,6.2056036
65,/kaggle/input/datasets/abdallahalidev/plantvillage-dataset/segmented/Corn_(maize)___healthy/faab655c-70a6-4888-9a14-48a4bfedc46e___R.S_HL 5556 copy_final_masked.jpg,pd_corn_disease,0.00706117,3.2934327,6.348526
66,/kaggle/input/datasets/abdallahalidev/plantvillage-dataset/segmented/Corn_(maize)___healthy/ac697b79-40fa-4d91-91e6-775982de76e5___R.S_HL 5507 copy 2_final_masked.jpg,pd_corn_disease,0.0031470887,2.8992646,5.5182476
67,/kaggle/input/datasets/abdallahalidev/plantvillage-dataset/segmented/Corn_(maize)___healthy/1d424e91-e89b-4cf8-a0e9-48fc345cb9c4___R.S_HL 8299 copy_final_masked.jpg,pd_corn_disease,0.0040601697,3.1983025,6.2053957
68,/kaggle/input/datasets/abdallahalidev/plantvillage-dataset/segmented/Corn_(maize)___healthy/c9df4a59-99bf-479e-a3dd-7aef4c6706a5___R.S_HL 8211 copy 2_final_masked.jpg,pd_corn_disease,0.0044413116,3.306156,6.327289
69,/kaggle/input/datasets/abdallahalidev/plantvillage-dataset/segmented/Corn_(maize)___healthy/aad5f376-fca2-4eed-8174-b9bc86654441___R.S_HL 0629 copy 2_final_masked.jpg,pd_corn_disease,0.002557059,2.9747732,5.823683
70,/kaggle/input/datasets/abdallahalidev/plantvillage-dataset/segmented/Corn_(maize)___healthy/937045bf-b8e0-4bc1-b630-34b683a23cda___R.S_HL 5554 copy_final_masked.jpg,pd_corn_disease,0.0024198394,3.0007231,6.034755
71,/kaggle/input/datasets/abdallahalidev/plantvillage-dataset/segmented/Corn_(maize)___healthy/0809c606-2a44-4c38-be5b-6321859d8829___R.S_HL 8137 copy_final_masked.jpg,pd_corn_disease,0.005279104,3.0188305,5.845751
72,/kaggle/input/datasets/abdallahalidev/plantvillage-dataset/segmented/Corn_(maize)___healthy/51f761a5-df28-4a44-bb1c-abd0ac8fe3f9___R.S_HL 7894 copy 2_final_masked.jpg,pd_corn_disease,0.005227944,3.154488,6.339504
73,/kaggle/input/datasets/abdallahalidev/plantvillage-dataset/segmented/Corn_(maize)___healthy/23e5ca0e-c7c3-4b27-b3b7-a0bb4ecbe177___R.S_HL 8245 copy_final_masked.jpg,pd_corn_disease,0.0031756307,2.9926088,5.930852
74,/kaggle/input/datasets/abdallahalidev/plantvillage-dataset/segmented/Corn_(maize)___healthy/a00ac760-e369-4945-a88d-298aff55e014___R.S_HL 8124 copy_final_masked.jpg,pd_corn_disease,0.0018708343,3.1498947,6.064683
75,/kaggle/input/datasets/abdallahalidev/plantvillage-dataset/segmented/Corn_(maize)___healthy/06f252bb-2ceb-4ca3-a25b-3c8016ee7ee8___R.S_HL 5498 copy 2_final_masked.jpg,pd_corn_disease,0.005557576,3.4632683,6.7025046
76,/kaggle/input/datasets/abdallahalidev/plantvillage-dataset/segmented/Corn_(maize)___healthy/9bf79f09-b182-4092-b4a7-b1a00830ecfc___R.S_HL 0627 copy_final_masked.jpg,pd_corn_disease,0.0073343343,3.0011418,5.950483
77,/kaggle/input/datasets/abdallahalidev/plantvillage-dataset/segmented/Corn_(maize)___healthy/62d6481b-2d3f-4998-83f9-7071b5fd9446___R.S_HL 8290 copy_final_masked.jpg,pd_corn_disease,0.0047077257,3.1908224,5.9476094
78,/kaggle/input/datasets/abdallahalidev/plantvillage-dataset/segmented/Corn_(maize)___healthy/b0a8752f-204b-4282-ac8e-5f3667beb7c3___R.S_HL 8265 copy 2_final_masked.jpg,pd_corn_disease,0.0070976317,3.3789964,6.155955
79,/kaggle/input/datasets/abdallahalidev/plantvillage-dataset/segmented/Corn_(maize)___healthy/f04a787c-6669-4a8e-8b8c-5d01d46ca724___R.S_HL 8105 copy_final_masked.jpg,pd_corn_disease,0.0032977923,3.172796,6.011166
80,/kaggle/input/datasets/abdallahalidev/plantvillage-dataset/segmented/Corn_(maize)___healthy/e07b298d-7dff-4297-a884-06c20a77e453___R.S_HL 5503 copy 2_final_masked.jpg,pd_corn_disease,0.0019680092,2.9401426,5.544984
81,/kaggle/input/datasets/abdallahalidev/plantvillage-dataset/segmented/Corn_(maize)___healthy/185137c7-4f0b-4c82-81af-97a710c89e0b___R.S_HL 7962 copy_final_masked.jpg,pd_corn_disease,0.008386698,3.3572717,6.823133
82,/kaggle/input/datasets/abdallahalidev/plantvillage-dataset/segmented/Corn_(maize)___healthy/7d9bd969-4031-45d2-b07a-26020da47471___R.S_HL 7924 copy_final_masked.jpg,pd_corn_disease,0.0036133768,3.1679587,6.1372643
83,/kaggle/input/datasets/abdallahalidev/plantvillage-dataset/segmented/Corn_(maize)___healthy/dcf1eb1d-f35f-4dfe-9f07-028ddf3abbc3___R.S_HL 8293 copy 2_final_masked.jpg,pd_corn_disease,0.004966945,3.2317932,6.2322836
84,/kaggle/input/datasets/abdallahalidev/plantvillage-dataset/segmented/Corn_(maize)___healthy/642c6d64-e53b-4d7b-951a-d00aaf805c32___R.S_HL 8213 copy_final_masked.jpg,pd_corn_disease,0.005665968,3.2662344,6.4668393
85,/kaggle/input/datasets/abdallahalidev/plantvillage-dataset/segmented/Corn_(maize)___healthy/f60d1557-0903-41b0-a640-be7f4353636a___R.S_HL 8345 copy 2_final_masked.jpg,pd_corn_disease,0.0021770368,2.8327808,5.1521854
86,/kaggle/input/datasets/abdallahalidev/plantvillage-dataset/segmented/Corn_(maize)___healthy/d82d7716-06d0-4309-8a57-ce73370ddad7___R.S_HL 8308 copy 2_final_masked.jpg,pd_corn_disease,0.003098877,2.957254,5.8976226
87,/kaggle/input/datasets/abdallahalidev/plantvillage-dataset/segmented/Corn_(maize)___healthy/4d96707c-8202-40cb-a6bf-c2ccce2dded0___R.S_HL 8081 copy_final_masked.jpg,pd_corn_disease,0.0072913035,3.1876943,6.6753287
88,/kaggle/input/datasets/abdallahalidev/plantvillage-dataset/segmented/Corn_(maize)___healthy/4217406b-4bdc-4484-9670-c0c350d854bd___R.S_HL 7976 copy 2_final_masked.jpg,pd_corn_disease,0.0042785257,3.22193,6.36775
89,/kaggle/input/datasets/abdallahalidev/plantvillage-dataset/segmented/Corn_(maize)___healthy/c3479d2a-e11f-4b3d-8152-930ae6e24d5c___R.S_HL 7904 copy_final_masked.jpg,pd_corn_disease,0.0037817238,3.1271138,6.030526
90,/kaggle/input/datasets/abdallahalidev/plantvillage-dataset/segmented/Corn_(maize)___healthy/a694e61f-3a63-40ac-9a31-66732cf9921d___R.S_HL 8116 copy 2_final_masked.jpg,pd_corn_disease,0.0071754656,3.282133,6.385078
91,/kaggle/input/datasets/abdallahalidev/plantvillage-dataset/segmented/Corn_(maize)___healthy/cb88517b-a05a-410c-aac7-ba6d54fb8e56___R.S_HL 8030 copy 2_final_masked.jpg,pd_corn_disease,0.0030652317,3.0378406,5.7641287
92,/kaggle/input/datasets/abdallahalidev/plantvillage-dataset/segmented/Corn_(maize)___healthy/139db478-1c5e-4749-9b14-885376bfd8e3___R.S_HL 5493 copy 3_final_masked.jpg,pd_corn_disease,0.004903796,2.9977958,5.8377895
93,/kaggle/input/datasets/abdallahalidev/plantvillage-dataset/segmented/Corn_(maize)___healthy/0630fcdc-33c1-478b-882f-07da48cf8002___R.S_HL 8026 copy_final_masked.jpg,pd_corn_disease,0.003922377,3.2066228,6.13867
94,/kaggle/input/datasets/abdallahalidev/plantvillage-dataset/segmented/Corn_(maize)___healthy/3a50230b-09b4-4d82-9df7-1ae4b2945464___R.S_HL 8317 copy 2_final_masked.jpg,pd_corn_disease,0.0033518337,3.0959299,6.278528
95,/kaggle/input/datasets/abdallahalidev/plantvillage-dataset/segmented/Corn_(maize)___healthy/c9c333a8-30ed-4163-adf1-c65379dac7ac___R.S_HL 7907 copy 3_final_masked.jpg,pd_corn_disease,0.0040039374,3.2360852,6.3877764
96,/kaggle/input/datasets/abdallahalidev/plantvillage-dataset/segmented/Corn_(maize)___healthy/53ed74e8-9420-429f-8f49-ad5c40eed3a7___R.S_HL 7944 copy 2_final_masked.jpg,pd_corn_disease,0.004335135,3.1292872,6.177696
97,/kaggle/input/datasets/abdallahalidev/plantvillage-dataset/segmented/Corn_(maize)___healthy/6cc79c8d-90b8-4343-94da-98c8edc968e3___R.S_HL 5553 copy_final_masked.jpg,pd_corn_disease,0.003507939,3.0843427,6.168803
98,/kaggle/input/datasets/abdallahalidev/plantvillage-dataset/segmented/Corn_(maize)___healthy/7586c29e-a9dd-4f71-8358-b465df203a53___R.S_HL 0646 copy_final_masked.jpg,pd_corn_disease,0.00835264,3.233785,6.010582
99,/kaggle/input/datasets/abdallahalidev/plantvillage-dataset/segmented/Corn_(maize)___healthy/b64f0fd8-4000-4675-81f9-e692a477a3ac___R.S_HL 8067 copy 2_final_masked.jpg,pd_corn_disease,0.0069183665,3.4841788,7.008863
